time,x,y,z,u_nom_x,u_nom_y,u_nom_z,u_safe_x,u_safe_y,u_safe_z,active_index,poisson_h,pivot_value,reachable_count,V1,V2,V3,V4,poisson_residual,active_hj_residual,omega_active,omega_contingency,qp_solve_ms,qp_success
0.0,1.4,2.0,8.4,1.4102543048333784,0.8814089405208615,-0.3525635762083446,1.4102543048333784,0.8814089405208615,-0.3525635762083446,0,0.6713938163792937,6.598730117745621,4,3.4676721660697147,6.091568202495292,6.598730117745621,10.443528934347551,1.772752104753252,51.36686018346957,0.0,0.0,6.841385998995975,1
0.12,1.5692305165800053,2.1057690728625036,8.357692370854998,1.4102543048333782,0.8814089405208614,-0.3525635762083445,1.4102543048333782,0.8814089405208614,-0.3525635762083445,0,0.7511123056428904,6.830465847072052,4,3.692375416540738,6.311050211885931,6.830465847072052,10.66301094373819,1.8971325166770825,51.33318766294103,0.0,0.0,0.49353999929735437,1
0.24,1.7384610331600108,2.211538145725007,8.315384741709996,1.4102543048333782,0.8814089405208613,-0.35256357620834444,1.4102543048333782,0.8814089405208613,-0.35256357620834444,0,0.8321583186964011,7.078745100783042,4,3.917078667011765,6.530532221276566,7.078745100783042,10.879531946514847,2.0166011999074493,51.29877699879868,0.0,0.0,0.42352900345576927,1
0.36,1.9076915497400162,2.3173072185875103,8.273077112564994,1.4102543048333784,0.8814089405208616,-0.3525635762083444,1.4102543048333784,0.8814089405208616,-0.3525635762083444,0,0.8861145627744924,7.2418199263098835,4,4.141781917482785,6.750014230667201,7.2418199263098835,11.031540815376193,2.070417420076555,51.268168009745025,0.0,0.0,0.37369199708336964,1
0.48,2.0769220663200216,2.423076291450014,8.230769483419992,1.4102543048333784,0.8814089405208613,-0.3525635762083443,1.4102543048333784,0.8814089405208613,-0.3525635762083443,0,0.9424165948291687,7.434793224914166,4,4.366485167953812,6.96949624005784,7.434793224914166,11.18354968423754,2.1216286589189592,51.236225002228835,0.0,0.0,0.38181299896677956,1
0.6,2.246152582900027,2.528845364312517,8.18846185427499,1.4102543048333782,0.8814089405208615,-0.35256357620834416,1.4102543048333782,0.8814089405208615,-0.35256357620834416,0,1.0010911981730035,7.657664996595884,4,4.591188418424839,7.188978249448478,7.657664996595884,11.335558553098888,2.169858724829457,51.20294797625007,0.0,0.0,0.36993599496781826,1
0.72,2.415383099480032,2.6346144371750206,8.146154225129989,1.4102543048333787,0.8814089405208615,-0.35256357620834405,1.4102543048333787,0.8814089405208615,-0.35256357620834405,0,1.0400166162627107,7.861450715990522,4,4.813499520434615,7.4084602588391135,7.861450715990522,11.452786017297283,2.1678713857546374,51.167805090553514,0.0,0.0,0.3839390046778135,1
0.84,2.5846136160600377,2.7403835100375242,8.103846595984987,1.4102543048333787,0.8814089405208615,-0.352563576208344,1.4102543048333787,0.8814089405208615,-0.352563576208344,0,1.0719326709015764,8.05902354038717,4,5.039783973946047,7.627942268229752,8.05902354038717,11.572893232376824,2.1419792868556304,51.13745308422065,0.0,0.0,0.3751010008272715,1
0.96,2.753844132640043,2.846152582900028,8.061538966839985,1.4102543048333784,0.8814089405208614,-0.35256357620834383,1.4102543048333784,0.8814089405208614,-0.35256357620834383,0,1.0982217287621483,8.24818694215314,4,5.265298169837916,7.847424277620387,8.24818694215314,11.708277643172485,2.1014492235858984,51.105747502660456,0.0,0.0,0.37305599835235626,1
1.08,2.923074649220048,2.951921655762531,8.019231337694983,1.4102543048333784,0.8814089405208614,-0.35256357620834367,1.4102543048333784,0.8814089405208614,-0.35256357620834367,0,1.111641544824104,8.447635662017518,4,5.486485816167491,8.066906287011026,8.447635662017518,11.838583066394767,2.0300919692728994,51.068990038684376,0.0,0.0,0.36564200127031654,1
1.2,3.0923051658000533,3.057690728625034,7.976923708549982,1.4102543048333787,0.8814089405208615,-0.3525635762083437,1.4102543048333787,0.8814089405208615,-0.3525635762083437,0,1.1052544709368974,8.63751956908743,4,5.705865672042197,8.286388296401665,8.63751956908743,11.932072074880551,1.9144964264639015,51.03116453177136,0.0,0.0,0.39424100395990536,1
1.3199999999999998,3.2615356823800585,3.1634598014875377,7.9346160794049805,1.4102543048333787,0.8814089405208615,-0.3525635762083438,1.4102543048333787,0.8814089405208615,-0.3525635762083438,0,1.095519410032757,8.833334138486954,4,5.930571224027968,8.5058703057923,8.833334138486954,12.011764346210484,1.7867108002207164,50.999600798511985,0.0,0.0,0.40142999932868406,1
1.44,3.4307661989600637,3.2692288743500413,7.892308450259979,1.4102543048333787,0.8814089405208613,-0.3525635762083438,1.4102543048333787,0.8814089405208613,-0.3525635762083438,0,1.0814398401005791,9.034893712634728,4,6.160435380483559,8.723476641082911,9.034893712634728,12.080109847975157,1.6448538178002785,50.973952063596,0.0,0.0,0.39139800355769694,1
1.56,3.599996715540069,3.3749979472125444,7.850000821114978,1.4102543048333787,0.8814089405208614,-0.35256357620834383,1.4102543048333787,0.8814089405208614,-0.35256357620834383,0,1.0278711475887181,9.220966069007705,4,6.376392861022687,8.909908617952768,9.220966069007705,12.24131902586035,1.4338643076733746,50.92883201347474,0.0,0.0,0.39194300188682973,1
1.68,3.769227232120074,3.4807670200750476,7.807693191969977,1.4102543048333784,0.8814089405208613,-0.3525635762083438,1.4102543048333784,0.8814089405208613,-0.3525635762083438,0,0.969726095641267,9.40909172108049,4,6.594193815371728,9.096360782251425,9.40909172108049,12.388731466589686,1.2168620152208294,50.883247464050164,0.0,0.0,0.38313799450406805,1
1.7999999999999998,3.9384577487000794,3.5865360929375507,7.765385562824976,1.4102543048333787,0.8814089405208614,-0.35256357620834383,1.4102543048333787,0.8814089405208614,-0.35256357620834383,0,0.9075064745287256,9.603148035482889,4,6.817320465831834,9.282812946550088,9.603148035482889,12.522347170163172,0.9915682444565193,50.844458449021396,0.0,0.0,0.4379719975986518,1
1.92,4.107688265280085,3.692305165800054,7.723077933679975,1.4102543048333784,0.8814089405208614,-0.3525635762083439,1.4102543048333784,0.8814089405208614,-0.3525635762083439,0,0.8267788881129564,9.78968802617698,4,7.034321412072998,9.469265110848752,9.78968802617698,12.615999592355143,0.7327156013431065,50.79726689514779,0.0,0.0,0.41631999920355156,1
2.04,4.27691878186009,3.798074238662557,7.680770304534974,1.4102543048333784,0.8814089405208613,-0.35256357620834383,1.4102543048333784,0.8814089405208613,-0.35256357620834383,0,0.7330398726134968,9.97165624970058,4,7.253015358980914,9.655717275147417,9.97165624970058,12.65773880701368,0.4483299237498437,50.75267236131151,0.0,0.0,0.4003549984190613,1
2.16,4.446149298440095,3.90384331152506,7.638462675389973,1.4102543048333787,0.8814089405208615,-0.352563576208344,1.4102543048333787,0.8814089405208615,-0.352563576208344,0,0.6360496513992219,10.153660050091553,4,7.476661880961679,9.828844909683163,10.153660050091553,12.67997881859354,0.15823233140058535,50.71256418037194,0.0,0.0,0.3947200020775199,1
2.28,4.6153798150201,4.009612384387563,7.596155046244972,1.4102543048333784,0.8814089405208614,-0.35256357620834394,1.2582177233596208,0.8972602057733846,-0.2881107076629249,0,0.5297260070942243,10.334730405782853,4,7.68504495605243,9.981560503717184,10.334730405782853,12.742650523270564,-8.03768496204782e-10,50.41412664065555,0.0,0.0,1.4199789948179387,1
2.4,4.7663659418232545,4.11728360908037,7.561581761325421,1.4114245419003615,0.8791278333373388,-0.35357462461685607,1.021878789926099,0.9388464513480647,-0.15631327566069267,0,0.4099188171949956,10.503721287857601,4,7.862759181078559,10.119050834746727,10.503721287857601,12.801044822230633,-2.307826152403436e-10,49.760549597967746,0.0,0.0,0.6071230018278584,1
2.52,4.8889913966143865,4.229945183242138,7.542824168246137,1.414536676073405,0.8726678614323471,-0.3571229419489816,0.8750264730155348,0.9979014554394542,-0.043574146617879235,0,0.31186144049055,10.662071344593961,4,8.034511809961852,10.234354201226271,10.662071344593961,12.84485046661264,-2.7755575615628914e-16,49.290367877137015,0.0,0.0,0.806869997177273,1
2.6399999999999997,4.99399457337625,4.349693357894872,7.537595270651992,1.4191658403386223,0.8625351003302227,-0.3633201319969811,0.8003799029108134,1.0734832875384994,0.04269018590180246,0,0.23078890493403403,10.815594915613747,4,8.21063253023788,10.337316260569992,10.815594915613747,12.874887938081304,-3.009131832598655e-11,48.94926225463692,0.0,0.0,0.6178930052556098,1
2.76,5.090040161725548,4.478511352399492,7.542718092960208,1.4250108794158955,0.8491021549878177,-0.37198054242309525,0.8366041023049158,1.1263001558566528,0.06500559946951562,0,0.18671231727779772,10.95554243234704,4,8.371050094453356,10.419342718603504,10.95554243234704,12.924351712527523,5.551115123125783e-17,48.78043478172074,0.0,0.0,0.7436939995386638,1
2.88,5.190432654002137,4.613667371102291,7.55051876489655,1.4311558709173455,0.8342049474759129,-0.3819620121759796,0.966384074142446,1.1084471670197062,-0.007441839241097814,0,0.19633194473411128,10.524628807520308,4,7.931332541634301,9.830811211587035,10.524628807520308,12.35598849227351,4.5841730411666504e-10,48.30234585676117,0.0,0.0,0.44098600483266637,1
3.0,5.306398742899231,4.7466810311446554,7.549625744187618,1.436468123675977,0.8207966775128157,-0.390963097806865,1.080295189763865,1.069806567857104,-0.09166026672262101,0,0.20806432872559993,10.021999514605346,4,7.427629483491401,9.160677499080396,10.021999514605346,11.719122008156678,5.488196008762714e-10,47.802228676185706,0.0,0.0,0.41606200102251023,1
3.12,5.436034165670894,4.875057819287508,7.538626512180904,1.4409315817000339,0.8092838836991436,-0.3984667770897204,1.1290713779765433,1.063662983508323,-0.12304791291535405,0,0.19277745707419064,10.45294581158458,4,7.905122861973851,9.587145464513673,10.45294581158458,12.185819748055723,-1.0594540800212826e-09,48.13983808934203,0.0,0.0,0.4615500001818873,1
3.2399999999999998,5.57152273102808,5.002697377308507,7.523860762631061,1.4452183742968152,0.7979690452792769,-0.4056960110365269,1.1298590681753358,1.0874040073630307,-0.11134753249769436,0,0.16298286933873402,11.514642416438768,4,9.052221087171866,10.77988818311514,11.514642416438768,13.404091974951935,3.9921924099850514e-10,48.99749415718854,0.0,0.0,0.44098599755670875,1
3.36,5.70710581920912,5.13318585819207,7.510499058731338,1.4498644782715437,0.7852966350808022,-0.4137658632332473,1.1663097725335478,1.0762247921246622,-0.13006864400619483,0,0.15236691809410718,11.629030464370912,4,9.234641142270078,10.931503942022765,11.629030464370912,13.528744973379284,4.214091992027491e-10,48.9064858562483,0.0,0.0,0.39572999958181754,1
3.48,5.8470629919131465,5.26233283324703,7.4948908214505945,1.454308258086781,0.7726490663971992,-0.421901541424216,1.2461460434668727,1.0118948321829782,-0.19633785404009413,0,0.1654219369707699,10.376189012635157,4,7.983392599687253,9.508717090188112,10.376189012635157,12.074994255005388,-3.700018763597157e-10,47.56577698353837,0.0,0.0,0.4082469968125224,1
3.5999999999999996,5.996600517129171,5.383760213108988,7.471330278965783,1.457796183667512,0.7622706102013015,-0.42868846929649584,1.2822156565618166,0.9964260915315061,-0.21837811317529524,0,0.15031931890870465,10.25591514603249,4,7.92338176285422,9.400421106442323,10.25591514603249,11.958056439863007,-1.3101164181295033e-09,47.45087188983476,0.0,0.0,0.4124990009586327,1
3.7199999999999998,6.150466395916589,5.503331344092769,7.4451249053847475,1.461047374070326,0.7521859794033526,-0.43538123881401153,1.2098507581164304,1.146279873758451,-0.10240075462895798,0,0.10547731178648788,11.724207414280903,4,9.531623416260285,11.134519732392793,11.724207414280903,13.712787462773216,-9.966923536497418e-10,49.05467506144633,0.0,0.0,0.6078590013203211,1
3.84,6.295648486890561,5.640884928943783,7.4328368148292725,1.4662560311282586,0.7352908666417671,-0.4465877210730342,1.4274546007546343,0.825645132850022,-0.3823938968526187,0,0.1332999085778389,12.121394127050747,4,10.01672389512554,11.567287138822476,12.121394127050747,14.127667542552262,-3.238613544009894e-10,49.17616586322752,0.0,0.0,0.40299399552168325,1
3.96,6.466943038981117,5.739962344885786,7.386949547206958,1.467381130558914,0.7315894412943376,-0.4489649285481905,1.467381130558914,0.7315894412943376,-0.4489649285481905,0,0.18364492297755716,12.278144775891683,4,10.236912966670033,11.724891767301093,12.278144775891683,14.239055360090507,0.17079466616612715,49.1710087470028,0.0,0.0,0.258912994468119,1
4.08,6.643028774648187,5.827753077841106,7.333073755781175,1.4673811305589142,0.7315894412943377,-0.4489649285481905,1.4673811305589142,0.7315894412943377,-0.4489649285481905,0,0.23733870121929493,12.428213811098487,4,10.461364875446822,11.894005976181319,12.428213811098487,14.354777536792204,0.4096160428466315,49.24754568260259,0.0,0.0,0.25458799791522324,1
4.2,6.819114510315257,5.915543810796427,7.279197964355392,1.4673811305589142,0.7315894412943378,-0.44896492854819037,1.4673811305589142,0.7315894412943378,-0.44896492854819037,0,0.29484564048787326,12.576373932260495,4,10.68648332357725,12.06312018506155,12.576373932260495,14.479345775127653,0.6277422447639545,49.34181383338407,0.0,0.0,0.27320800290908664,1
4.32,6.995200245982327,6.003334543751747,7.225322172929609,1.4673811305589142,0.7315894412943378,-0.4489649285481902,1.4673811305589142,0.7315894412943378,-0.4489649285481902,0,0.35327595229902514,12.785746364521106,4,10.91160177170768,12.232234393941775,12.785746364521106,14.64091266855269,0.7980313006911262,49.436330571964554,0.0,0.0,0.2671190013643354,1
4.4399999999999995,7.171285981649397,6.091125276707068,7.171446381503825,1.4673811305589142,0.7315894412943379,-0.44896492854819015,1.4673811305589142,0.7315894412943379,-0.44896492854819015,0,0.4046983070629027,12.995536063287883,4,11.137899007437394,12.401348602822003,12.995536063287883,14.792966397049952,0.9300358592518628,49.50009866406391,0.0,0.0,0.25130799622274935,1
4.56,7.3473717173164665,6.178916009662388,7.117570590078042,1.4673811305589142,0.7315894412943379,-0.4489649285481899,1.4673811305589142,0.7315894412943379,-0.4489649285481899,0,0.43629878846432274,13.184369263412549,4,11.366730693115878,12.570462811702228,13.184369263412549,14.922521904403709,0.9706795733385873,49.4706498191315,0.0,0.0,0.26298200100427493,1
4.68,7.5234574529835365,6.266706742617709,7.06369479865226,1.467381130558914,0.731589441294338,-0.44896492854819015,1.467381130558914,0.731589441294338,-0.44896492854819015,0,0.46916512125835363,13.361739938317653,4,11.594034471887685,12.739577020582455,13.361739938317653,15.041088213744827,1.0109287042496207,49.44039767971596,0.0,0.0,0.27466299798106775,1
4.8,7.6995431886506065,6.354497475573029,7.0098190072264766,1.467381130558914,0.731589441294338,-0.44896492854819,1.467381130558914,0.731589441294338,-0.44896492854819,0,0.50075003714801,13.558481426323416,4,11.819810343752817,12.908691229462685,13.558481426323416,15.138289765307817,1.0396168381292898,49.408953138751535,0.0,0.0,0.2764970049611293,1
4.92,7.8756289243176765,6.44228820852835,6.955943215800694,1.467381130558914,0.7315894412943381,-0.44896492854819015,1.467381130558914,0.7315894412943381,-0.44896492854819015,0,0.5293769668655479,13.773347731359019,4,12.04405830871127,13.07780543834291,13.773347731359019,15.204025171931537,1.0474039647304352,49.3760715958137,0.0,0.0,0.2590360018075444,1
5.04,8.051714659984746,6.53007894148367,6.902067424374911,1.467381130558914,0.7315894412943383,-0.44896492854819003,1.467381130558914,0.7315894412943383,-0.44896492854819003,0,0.5578974648184194,13.985430224225466,4,12.266160675876302,13.246919647223137,13.985430224225466,15.253527050440004,1.0466835327455182,49.34184716676394,0.0,0.0,0.26001199876191095,1
5.16,8.227800395651816,6.617869674438991,6.848191632949128,1.467381130558914,0.7315894412943382,-0.44896492854818976,1.467381130558914,0.7315894412943382,-0.44896492854818976,0,0.5880304262304513,14.142949150950438,4,12.487876055691407,13.416033856103363,14.142949150950438,15.34722879020262,1.049451572801076,49.308859926802015,0.0,0.0,0.2608620052342303,1
5.279999999999999,8.403886131318885,6.705660407394311,6.794315841523345,1.4673811305589137,0.7315894412943381,-0.4489649285481898,1.4673811305589137,0.7315894412943381,-0.4489649285481898,0,0.5808680942887233,14.292740082162473,4,12.719116853959457,13.585148064983589,14.292740082162473,15.485934406332799,0.9601604282866872,49.28211256351489,0.0,0.0,0.2563110028859228,1
5.3999999999999995,8.579971866985954,6.793451140349632,6.740440050097563,1.4673811305589142,0.731589441294338,-0.44896492854819003,1.4673811305589142,0.731589441294338,-0.44896492854819003,0,0.5640484510250395,14.463129922824564,4,12.949424354461122,13.754262273863812,14.463129922824564,15.629335502542244,0.8435820066346338,49.25389366694859,0.0,0.0,0.26135100051760674,1
5.52,8.756057602653023,6.881241873304952,6.68656425867178,1.4673811305589142,0.731589441294338,-0.4489649285481896,1.4673811305589142,0.731589441294338,-0.4489649285481896,0,0.5568580923307183,14.6811824536316,4,13.176026515014934,13.923376482744038,14.6811824536316,15.78618551101062,0.7569183683867509,49.22223803619748,0.0,0.0,0.2481560004525818,1
5.64,8.932143338320092,6.9690326062602725,6.632688467245997,1.4673811305589144,0.7315894412943379,-0.44896492854818987,1.4673811305589144,0.7315894412943379,-0.44896492854818987,0,0.5413598050521748,14.882449174856289,4,13.401392156560195,14.092490691624265,14.882449174856289,15.943035519478999,0.6612294894680362,49.19010650181043,0.0,0.0,0.2527739998186007,1
5.76,9.108229073987161,7.056823339215593,6.578812675820215,1.4673811305589144,0.7315894412943378,-0.44896492854819,1.4673811305589144,0.7315894412943378,-0.44896492854819,0,0.5179232490957939,15.06668991939196,4,13.626933752808297,14.26160490050449,15.06668991939196,16.09988552794738,0.5577748309136749,49.15872114791336,0.0,0.0,0.2597089987830259,1
5.88,9.28431480965423,7.1446140721709135,6.524936884394433,1.4583324117939045,0.7270780386547235,-0.4461963517352677,1.4583324117939045,0.7270780386547235,-0.4461963517352677,0,0.499435148238802,15.272842344290662,4,13.854416326414768,14.430719109384716,15.272842344290662,16.25360836700178,0.47415416237383445,49.11768116169,0.0,0.0,0.26816900208359584,1
6.0,9.459314699069498,7.231863436809481,6.4713933221862,1.3095825057909265,0.6529160787119414,-0.4006843238582703,1.3095825057909265,0.6529160787119414,-0.4006843238582703,0,0.45213007421019874,15.494032810678906,4,14.079298011386832,14.598790462470047,15.494032810678906,16.40381786493944,0.40340519234918737,48.75794855194185,0.0,0.0,0.25339699641335756,1
6.12,9.61646459976441,7.310213366254914,6.423311203323208,1.176005090200252,0.5863186386833235,-0.3598145228247268,1.176005090200252,0.5863186386833235,-0.3598145228247268,0,0.38915139375465824,15.687235734193052,4,14.28168451774008,14.749718537540675,15.687235734193052,16.538253083866188,0.33237280408534786,48.33719444515718,0.0,0.0,0.261756002146285,1
6.24,9.75758521058844,7.380571602896913,6.380133460584241,1.056052570999826,0.5265141375376242,-0.32311344149660465,1.056052570999826,0.5265141375376242,-0.32311344149660465,0,0.3365307665331719,15.845158369739,4,14.46446469728955,14.885251948954096,15.845158369739,16.655569025961668,0.2920856280193791,47.97995405264137,0.0,0.0,0.24937700072769076,1
6.359999999999999,9.884311519108419,7.443753299401427,6.341359847604648,0.948335208757844,0.4728096955087868,-0.29015587046395114,0.948335208757844,0.4728096955087868,-0.29015587046395114,0,0.31768252461767776,15.970625479292147,4,14.629437617568561,15.00696095240335,15.970625479292147,16.762068598123896,0.31377336095679553,47.77604601319017,0.0,0.0,0.26165299641434103,1
6.4799999999999995,9.99811174415936,7.500490462862482,6.306541143148975,0.8516050174645443,0.42458310656689047,-0.2605599716766284,0.8516050174645443,0.42458310656689047,-0.2605599716766284,0,0.30971025017471454,16.09989114646615,4,14.777767635207999,15.11625563750078,16.09989114646615,16.8647363790043,0.34109623890205065,47.636690367246274,0.0,0.0,0.2576379993115552,1
6.6,10.100304346255104,7.551440435650509,6.275273946547779,0.7647413056831615,0.3812756296970674,-0.23398285456561227,0.7647413056831615,0.3812756296970674,-0.23398285456561227,0,0.31158926707956736,16.22658276561922,4,14.909961636516663,15.214402264718272,16.22658276561922,16.952157909496425,0.3720088355935251,47.507388687677846,0.0,0.0,0.2617229984025471,1
6.72,10.192073302937084,7.597193511214157,6.247196003999906,1.369062712348118,0.7902444157306261,-0.62544468425639,1.369062712348118,0.7902444157306261,-0.62544468425639,0,0.31314123968442825,16.348471599715616,4,15.028671849691843,15.302537935959581,16.348471599715616,17.030662443878356,0.23816867402633368,47.97989217425334,0.0,0.0,0.2703689970076084,1
6.84,10.356360828418858,7.692022841101832,6.172142641889139,1.369062712348118,0.790244415730626,-0.6254446842563901,1.369062712348118,0.790244415730626,-0.6254446842563901,0,0.293302054012904,16.577468352212023,4,15.251567938907943,15.465875607263778,16.577468352212023,17.140081006315885,0.24405393889667565,47.90511017363774,0.0,0.0,0.25456400180701166,1
6.96,10.520648353900631,7.7868521709895075,6.0970892797783725,1.369062712348118,0.790244415730626,-0.62544468425639,1.369062712348118,0.790244415730626,-0.62544468425639,0,0.28644421482619203,16.13657457114762,4,14.826325848328054,14.963212048508947,16.13657457114762,16.589800718090792,0.2557753294482749,47.115656399098484,0.0,0.0,0.2637329962453805,1
7.08,10.684935879382405,7.881681500877183,6.022035917667606,1.369062712348118,0.7902444157306259,-0.62544468425639,1.369062712348118,0.7902444157306259,-0.62544468425639,0,0.28079711625675136,15.858941739243441,4,14.576572608265378,14.598192401650026,15.858941739243441,16.21927501178172,0.2629629024630823,46.77053420002338,0.0,0.0,0.25540299975546077,1
7.199999999999999,10.849223404864178,7.976510830764858,5.946982555556839,1.3690627123481183,0.7902444157306258,-0.62544468425639,1.3690627123481183,0.7902444157306258,-0.62544468425639,0,0.25862212031385945,17.003843697690904,4,15.819315204171888,15.683872179993246,17.003843697690904,17.2914652692653,0.23456646635850348,48.1013296400261,0.0,0.0,0.2821019952534698,1
7.319999999999999,11.013510930345952,8.071340160652532,5.871929193446072,1.3690627123481183,0.7902444157306259,-0.6254446842563899,1.3690627123481183,0.7902444157306259,-0.6254446842563899,0,0.2408431536367814,17.299824965169314,4,16.10886878071038,15.784713250077509,17.299824965169314,17.417331523647285,0.1954155910791468,48.108248478763514,0.0,0.0,0.26208700001006946,1
7.4399999999999995,11.177798455827725,8.166169490540208,5.7968758313353055,1.3690627123481185,0.7902444157306259,-0.62544468425639,1.3690627123481185,0.7902444157306259,-0.62544468425639,0,0.23849282715544506,17.42473020906486,4,16.34154777491632,15.775561829747994,17.522491240003628,17.42473020906486,0.20802142091863646,48.0953193785697,0.0,0.0,0.25484499929007143,1
7.56,11.342085981309499,8.260998820427883,5.721822469224539,1.3690627123481183,0.7902444157306258,-0.6254446842563898,1.3690627123481183,0.7902444157306258,-0.6254446842563898,0,0.27010245103292024,17.414552420789313,4,16.59777233792203,15.766390685040687,17.725678857295303,17.414552420789313,0.27985233163146483,48.15026667043113,0.0,0.0,0.26150500343646854,1
7.68,11.506373506791272,8.355828150315558,5.646769107113772,1.3690627123481183,0.7902444157306255,-0.6254446842563899,1.3690627123481183,0.7902444157306255,-0.6254446842563899,0,0.27250142293241214,17.405524496070797,4,16.783388200908153,15.762894583910185,17.86459926491707,17.405524496070797,0.18601367527331586,48.00928532976669,0.0,0.0,0.2522999930079095,1
7.8,11.670661032273046,8.450657480203233,5.571715745003005,1.3690627123481185,0.7902444157306255,-0.6254446842563898,1.38630022005695,0.7681468986944793,-0.5663672852695999,0,0.22626789502908512,17.395480486337412,4,16.92868827317574,15.76058361167807,18.0040888608847,17.395480486337412,-5.825875892817578e-11,47.552960204985425,0.0,0.0,0.40177600021706894,1
7.92,11.83701705867988,8.542835108046571,5.5037516707706535,1.368105189101401,0.7906547975576305,-0.6270192841156652,1.4206381120292222,0.6551257645667975,-0.1983879020673614,0,0.17426136367926376,17.385938157061947,4,17.10010917035451,15.756247052212109,18.17493066843274,17.385938157061947,1.0158522634196032e-10,46.99501408199233,0.0,0.0,0.392084002669435,1
8.04,12.007493632123387,8.621450199794587,5.479945122522571,1.3619990203884784,0.7922487987065316,-0.63820099452201,1.3807904424616564,0.6092210099130115,0.02134002818643388,0,0.14621120156928705,17.369509054156058,4,17.270016056981067,15.75086582743115,18.344780521378695,17.369509054156058,-9.447893509206828e-10,46.591176834263436,0.0,0.0,0.394599002902396,1
8.16,12.173188485218786,8.69455672098415,5.482505925904943,1.3532510030485965,0.793303814701958,-0.6552715317540422,1.3997093668538247,0.6053901342975875,-0.042169669056623844,0,0.15025068497452496,17.39251866562164,4,17.39251866562164,15.741014717418219,18.453671840177705,17.259078502484183,-4.2788174392516254e-10,46.42867306461637,0.0,0.0,0.483377996715717,1
8.28,12.341153609241244,8.76720353709986,5.477445565618148,1.3442253476191912,0.7950113865565928,-0.671576585404396,1.4133001778957948,0.5997028322727662,-0.08265241959025982,0,0.1493350761888983,17.522257017241017,4,17.522257017241017,15.735099556150022,18.569684834577785,17.15166240548887,-3.3689592088270714e-10,46.26677835310631,0.0,0.0,0.3716380015248433,1
8.4,12.51074963058874,8.839167876972592,5.467527275267317,1.3347096503721545,0.7972814006733018,-0.6876718093275741,1.4274959133250442,0.5963154878397303,-0.11274355786161865,0,0.14312963137903,17.653356711109026,4,17.653356711109026,15.738548696146083,18.687245893220982,17.046516991776418,-2.331717173509329e-09,46.085123900891354,0.0,0.0,1.5046390035422519,1
8.52,12.682049140187745,8.91072573551336,5.453998048323923,1.3245666595423502,0.8000474251925492,-0.7038801615840526,1.4362910213946098,0.6778918879865374,-0.23005556164412844,0,0.13676375263781057,17.764822322727728,4,17.764822322727728,15.836424307936847,18.788606329121237,16.930233983247106,4.950098525524638e-10,45.822360548077974,0.0,0.0,0.39460600237362087,1
8.64,12.854404062755098,8.992072762071745,5.426391380926628,1.315921823676053,0.8015619502129082,-0.7182257263172699,1.408993991455782,0.7620407513007142,-0.4379297794493839,0,0.1397235206551684,17.893950551994756,4,17.893950551994756,15.97151811933726,18.908452191764418,16.802527076363482,-1.6091072918555938e-10,45.672764061184175,0.0,0.0,0.3825649982900359,1
8.76,13.023483341729792,9.08351765222783,5.373839807392701,1.3106222265554561,0.8018722232143204,-0.7275096679056167,1.3438061810214221,0.7988155032995083,-0.6535403460585631,0,0.14108095991451,18.049808231522647,4,18.049808231522647,16.115949753231305,19.056474514241234,16.67580334287689,3.4310682073268595e-10,45.75147286518698,0.0,0.0,0.37974600127199665,1
8.879999999999999,13.184740083452363,9.179375512623771,5.295414965865674,1.3091321827492803,0.801852301912053,-0.7302094316074309,1.3091321827492803,0.801852301912053,-0.7302094316074309,0,0.1426571813842809,18.229516707555618,4,18.229516707555618,16.270304810966678,19.201748865102402,16.557634145723277,0.10631863247787071,46.03930499805917,0.0,0.0,0.2647989967954345,1
9.0,13.341835945382277,9.275597788853217,5.207789834072782,1.30913218274928,0.8018523019120534,-0.7302094316074309,1.30913218274928,0.8018523019120534,-0.7302094316074309,0,0.19031480405404055,17.891347331187735,4,17.891347331187735,15.94216229910314,18.79407310072025,15.957105059653617,0.4048214409360263,45.65483032535748,0.0,0.0,0.26780000189319253,1
9.12,13.498931807312191,9.371820065082662,5.120164702279891,1.30913218274928,0.8018523019120536,-0.7302094316074311,1.30913218274928,0.8018523019120536,-0.7302094316074311,0,0.2426478370470473,18.505672288576775,4,18.505672288576775,16.4997125925319,19.26460496123362,16.133794985237273,0.6697454742260357,46.11870165567589,0.0,0.0,0.2572640005382709,1
9.24,13.656027669242105,9.468042341312108,5.032539570487,1.3091321827492794,0.8018523019120538,-0.7302094316074311,1.3091321827492794,0.8018523019120538,-0.7302094316074311,0,0.26744015593391873,18.79111828458843,4,18.79111828458843,16.75187895047418,19.43120085964331,16.0622378054658,0.9087511589591134,46.04106257625449,0.0,0.0,0.25879800523398444,1
9.36,13.81312353117202,9.564264617541554,4.944914438694108,1.3091321827492792,0.8018523019120541,-0.7302094316074312,1.3091321827492792,0.8018523019120541,-0.7302094316074312,0,0.3525884982390069,18.97831881026603,4,18.97831881026603,16.890323229003293,19.50768485782362,15.938132822906939,1.246725465011264,46.01425934113593,0.0,0.0,0.2551700017647818,1
9.48,13.970219393101933,9.660486893771001,4.857289306901217,1.3091321827492792,0.8018523019120539,-0.7302094316074316,1.3091321827492792,0.8018523019120539,-0.7302094316074316,0,0.47899494779534885,19.16551933594363,4,19.16551933594363,16.986375722608805,19.584168856003924,15.843511542612498,1.6420407699190447,46.102967728588546,0.0,0.0,0.25529500271659344,1
9.6,14.127315255031847,9.756709170000448,4.769664175108325,1.3091321827492792,0.8018523019120538,-0.7302094316074317,1.3091321827492792,0.8018523019120538,-0.7302094316074317,0,0.6175896857217424,19.352719861621235,4,19.352719861621235,17.046397058038878,19.660652854184228,15.772313767378176,2.0532570964189016,46.197441635593115,0.0,0.0,0.24939500144682825,1
9.719999999999999,14.284411116961762,9.852931446229896,4.682039043315433,1.3091321827492792,0.8018523019120536,-0.7302094316074316,1.3091321827492792,0.8018523019120536,-0.7302094316074316,0,0.7663070690202539,19.538998218176864,4,19.538998218176864,17.069542462290062,19.736292372786167,15.75079870680025,2.494031744424124,46.23649035638179,0.0,0.0,0.2559629938332364,1
9.84,14.441506978891676,9.949153722459341,4.59441391152254,1.309132182749279,0.8018523019120539,-0.7302094316074313,1.309132182749279,0.8018523019120539,-0.7302094316074313,0,0.9180824214338867,19.727120912976446,4,19.727120912976446,17.06171055587962,19.813620850544837,15.817469515836823,2.841194980065411,46.162433659186135,0.0,0.0,0.2809759971569292,1
9.959999999999999,14.59860284082159,10.045375998688788,4.506788779729649,1.309132182749279,0.8018523019120537,-0.7302094316074317,1.309132182749279,0.8018523019120537,-0.7302094316074317,0,1.0535248331270122,19.890104848725144,4,19.91432143865405,17.052912572099935,19.890104848725144,15.883959038679924,3.0764691655395318,46.08835994174874,0.0,0.0,0.2580939981271513,1
10.08,14.755698702751504,10.141598274918234,4.419163647936757,-0.779831005909253,1.3325871441010961,-0.7113895596640754,-0.779831005909253,1.3325871441010961,-0.7113895596640754,2,1.0894752709286923,17.044114588320248,3,-1000.0,17.044114588320248,19.96658884690545,15.950448561523027,1.70625705131214,19.1659522614667,0.0,0.00026586006822601065,0.5595629991148598,1
10.2,14.662118982042394,10.301508732210365,4.333796900777068,-0.7798310059092528,1.3325871441010961,-0.711389559664075,-0.7798310059092528,1.3325871441010961,-0.711389559664075,2,1.0511389637925308,16.88721775261627,3,-1000.0,16.88721775261627,20.15158470592445,15.955412983049861,1.5976572781382088,19.09059640164829,0.0,0.00026594211433812596,0.5480029940372333,1
10.32,14.568539261333283,10.461419189502497,4.248430153617378,-0.779831005909253,1.3325871441010964,-0.7113895596640749,-0.779831005909253,1.3325871441010964,-0.7113895596640749,2,1.0219743081434858,16.730320916912287,3,-1000.0,16.730320916912287,20.336580564943446,15.960377404576695,1.5003973225026443,19.016978996107873,0.0,0.000266024198436223,0.5298129981383681,1
10.44,14.474959540624173,10.621329646794628,4.163063406457689,-0.7798310059092532,1.3325871441010966,-0.7113895596640748,-0.7798310059092532,1.3325871441010966,-0.7113895596640748,2,0.9718512998111103,16.57342408120831,3,-1000.0,16.57342408120831,20.517764477917964,15.930404485015906,1.3517486822953204,18.939735121845345,0.0,0.00026610632054375463,0.5357339978218079,1
10.559999999999999,14.381379819915063,10.78124010408676,4.077696659298,-0.7798310059092531,1.3325871441010966,-0.7113895596640746,-0.7798310059092531,1.3325871441010966,-0.7113895596640746,2,0.923469194556799,16.416527245504327,3,-1000.0,16.416527245504327,20.702421574729534,15.898269506115028,1.1952572639886947,18.86421881436114,0.0,0.0002661884806832158,0.5563820013776422,1
10.68,14.287800099205953,10.94115056137889,3.992329912138311,-0.7798310059092531,1.3325871441010966,-0.7113895596640746,-0.7798310059092531,1.3325871441010966,-0.7113895596640746,2,0.8791410830689455,16.259630409800344,3,-1000.0,16.259630409800344,20.89142915897584,15.86571986462898,1.0418753278334507,18.79131454003369,0.0,0.0002662706788800548,0.5349359998945147,1
10.799999999999999,14.194220378496842,11.101061018671022,3.906963164978622,-0.779831005909253,1.3325871441010966,-0.7113895596640745,-0.779831005909253,1.3325871441010966,-0.7113895596640745,2,0.8126383762570315,16.102733574096362,3,-1000.0,16.102733574096362,21.071919234659912,15.802324209009472,0.8485691169605296,18.71329635258473,0.0,0.0002663529151558183,0.545074995898176,1
10.92,14.100640657787732,11.260971475963153,3.8215964178189332,-0.7655445591195729,1.3081742454313205,-0.6983569551460932,-0.7655445591195729,1.3081742454313205,-0.6983569551460932,2,0.7335061337086277,15.945836738392384,3,-1000.0,15.945836738392384,21.248839999231823,15.707774816159375,0.6678264114037099,18.608581041540784,0.0,0.0002664351895340299,0.5370939979911782,1
11.04,14.008775310693384,11.417952385414912,3.737793583201402,-0.6874590140893769,1.1747404723973254,-0.6271245457211918,-0.6874590140893769,1.1747404723973254,-0.6271245457211918,2,0.6598459943120736,15.791814241202477,3,-1000.0,15.791814241202477,21.42675125495621,15.61495756124649,0.5568153320470532,18.3935905002782,0.0,0.00026651599373813317,0.5375769978854805,1
11.16,13.926280229002659,11.558921242102592,3.662538637714859,-0.6173381946522606,1.0549169442127975,-0.5631578420576303,-0.6173381946522606,1.0549169442127975,-0.5631578420576303,2,0.5977497514222578,15.652149258039685,3,-1000.0,15.652149258039685,21.590088458958352,15.53160766633472,0.4757509488183177,18.1767904400454,0.0,0.00026658929740075053,0.5535529999178834,1
11.28,13.852199645644388,11.685511275408128,3.5949596966679436,-0.5543696987977307,0.9473154159030915,-0.5057157421677521,-0.5543696987977307,0.9473154159030915,-0.5057157421677521,2,0.5475245961746762,15.52257832816397,3,-1000.0,15.52257832816397,21.73537946076012,15.456759460703948,0.44793765182446404,17.955489081450278,0.0,0.00026665733020970014,0.5379860012908466,1
11.4,13.785675281788661,11.799189125316499,3.5342738076078133,-0.4978239895203626,0.8506892434809767,-0.45413273646664126,-0.4978239895203626,0.8506892434809767,-0.45413273646664126,2,0.5090628102263443,15.404741798537534,3,-1000.0,15.404741798537534,21.863002232185227,15.389545772047518,0.446976652117812,17.728180900834275,0.0,0.0002667192243421708,0.5390980004449375,1
11.52,13.725936403046218,11.901271834534215,3.479777879231816,-0.4470459425892856,0.7639189406459175,-0.4078111973470437,-0.4470459425892856,0.7639189406459175,-0.4078111973470437,2,0.48035387616760017,15.329187879634045,3,-1000.0,15.2977296375858,21.975733874189928,15.329187879634045,0.45974283533449956,17.49602399891679,0.0,0.00026675892069374284,0.5413299950305372,1
11.639999999999999,13.672290889935503,11.992942107411725,3.4308405355501708,-0.4014472564451784,0.6859992087000343,-0.3662144552176451,-0.4014472564451784,0.6859992087000343,-0.3662144552176451,2,0.45028557029677563,15.274986492246743,3,-1000.0,15.198678500530985,22.077053816479847,15.274986492246743,0.464149572227583,17.230796632279784,0.0,0.0002667874037943518,0.5251199982012622,1
11.76,13.624117219162082,12.07526201245573,3.386894800924053,-0.36049963628777054,0.6160272894126307,-0.32886058078544517,-0.36049963628777054,0.6160272894126307,-0.32886058078544517,2,0.4263266829851521,15.226313646372947,3,-1000.0,15.109145738767253,22.169376748388974,15.226313646372947,0.4669029269920663,16.98499089365466,0.0,0.00026681298550504195,2.3425260005751625,1
11.879999999999999,13.58085726280755,12.149185287185245,3.3474315312297995,-0.32372867338641803,0.5531925058925419,-0.2953168015453296,-0.32372867338641803,0.5531925058925419,-0.2953168015453296,2,0.4084078350330882,15.18260543077828,3,-1000.0,15.028745318703425,22.25285683780516,15.18260543077828,0.4702559673165802,16.7507327575526,0.0,0.0002668359610183081,0.5434589984361082,1
12.0,13.54200982200118,12.21556838789235,3.31199351504436,-0.29070834870100376,0.49676687029150274,-0.2651944877877058,-0.29070834870100376,0.49676687029150274,-0.2651944877877058,2,0.39158076611372805,15.143355453174268,3,-1000.0,14.956545741486105,22.32387413754456,15.143355453174268,0.4681676319651547,16.491259193407387,0.0,0.0002668565955585712,0.5459880048874766,1
12.12,13.50712482015706,12.27518041232733,3.2801701765098352,-0.26105609713350136,0.44609664952176986,-0.23814465003335994,-0.26105609713350136,0.44609664952176986,-0.23814465003335994,2,0.37929439026672623,15.108108973285862,3,-1000.0,14.891710521144953,22.384354903230335,15.108108973285862,0.4680439956273314,16.232251330116203,0.0,0.0002668751274146151,0.5508690010174178,1
12.24,13.47579808850104,12.328712010269943,3.251592818505832,-0.23442837522588497,0.4005947912705494,-0.21385389572995722,-0.23442837522588497,0.4005947912705494,-0.21385389572995722,2,0.37061252288138957,15.076457634346077,3,-1000.0,14.833488493278596,22.43601132833625,15.076457634346077,0.469410376545517,15.973655607121243,0.0,0.00026689177066710555,0.5255549986031838,1
12.36,13.447666683473935,12.376783385222408,3.225930351018237,-0.21051668095284545,0.35973412256095355,-0.19204079836550153,-0.21051668095284545,0.35973412256095355,-0.19204079836550153,2,0.36476570502240807,15.048034731978149,3,-1000.0,14.781205112254609,22.480257551540344,15.048034731978149,0.47189403542694797,15.715409928185053,0.0,0.00026690671763450924,0.5191470045247115,1
12.48,13.422404681759593,12.419951479929722,3.202885455214377,-0.18904397949565466,0.32304124205973694,-0.1724526369322205,-0.18904397949565466,0.32304124205973694,-0.1724526369322205,2,0.36112601812803957,15.022510965651751,3,-1000.0,14.734254636095068,22.518263950201963,15.022510965651751,0.4751968945363617,15.457451427300349,0.0,0.00026692014108110494,0.5583580059465021,1
12.6,13.399719404220114,12.45871642897689,3.182191138782511,-0.1435326138459826,0.24527072470960448,-1.6760789540958283,-0.15768202302320855,0.36584078078654925,-1.437553879906214,2,0.35918450315821726,14.999590623490644,3,-1000.0,14.692093108503803,22.55100127053017,14.999590623490644,1.4033868511731384e-10,16.443559707462203,0.0,0.00026693219620001717,0.41633599903434515,1
12.719999999999999,13.38079756145733,12.502617322671277,3.009684673193765,-0.14050251136921116,0.23110385264928768,-1.6783474174287043,-0.24047484234815727,0.395698846526953,-1.323333755124073,2,0.30342005301741126,15.031077782680288,3,-1000.0,14.692125082930563,22.734606831896546,15.031077782680288,0.0,16.186725539568403,0.0,0.0002669156355122332,0.5258759993012063,1
12.84,13.351940580375551,12.550101184254512,2.8508846225788766,-0.12773507984854443,0.21008768759740096,-1.6821257125720606,-0.3366700509300839,0.38983890235517615,-1.2945681934116349,2,0.25631843130199977,15.056802522706944,3,-1000.0,14.680227443926507,22.904887934772407,15.056802522706944,-3.127977876715704e-10,16.001571148715918,0.0,0.0002669021067160426,0.399942000512965,1
12.959999999999999,13.311540174263941,12.596881852537132,2.6955364393694805,-0.09480914812435044,0.17265042534343822,-1.5687059734640583,-0.352093873386583,0.31732601023940055,-1.2864131900533449,2,0.21708260719525616,15.085693466217467,3,-1000.0,14.66309266265792,23.070371476459815,15.085693466217467,1.787706094269481e-10,15.838904162144175,0.0,0.000266886914020328,0.39653899875702336,1
13.08,13.26928890945755,12.63496097376586,2.541166856563079,-0.05889557303891859,0.1402831722990193,-1.437491828078617,-0.21039672269871096,0.21860874010353493,-1.3222359550025495,2,0.20747731795553925,15.123510617544198,3,-1000.0,14.653578895811693,23.231284286474402,15.123510617544198,-2.5993426855386303e-10,15.747068321949891,0.0,0.0002668670293169758,0.37805600004503503,1
13.2,13.244041302733706,12.661194022578284,2.3824985419627733,-0.03743510732365056,0.11798508080845904,-1.3026237606683573,-0.03743510732365056,0.11798508080845904,-1.3026237606683573,2,0.20649197348528717,15.169231041270152,3,-1000.0,14.66442466311302,23.392975621422778,15.169231041270152,0.000613968240603946,15.63556944537614,0.0,0.0002668429919487253,0.5189069997868501,1
13.32,13.239549089854867,12.6753522322753,2.2261836906825705,-0.033616726376637464,0.10595060256599594,-1.1697561370801848,-0.033616726376637464,0.10595060256599594,-1.1697561370801848,2,0.19485914050014877,15.219169662805077,3,-1000.0,14.695447543377858,23.550411829327118,15.219169662805077,0.04211358532737243,15.426533963735428,0.0,0.00026681674058473065,0.5340920033631846,1
13.44,13.23551508268967,12.688066304583218,2.0858129542329484,-0.030187820286219847,0.09514364110426507,-1.050441011098006,-0.030187820286219847,0.09514364110426507,-1.050441011098006,2,0.18487080218169666,15.263701563778296,3,-1000.0,14.723306089855685,23.691708333924517,15.263701563778296,0.06643901859655768,15.211995107262217,0.0,0.0002667933346540247,0.5421699970611371,1
13.559999999999999,13.231892544255324,12.69948354151573,1.9597600329011877,-0.027108662617025735,0.08543898971162944,-0.9432960279660094,-0.027108662617025735,0.08543898971162944,-0.9432960279660094,2,0.1801105745127555,15.302035435948824,3,-1000.0,14.74832306459277,23.817871546046177,15.302035435948824,0.06630457952518787,14.993445315723331,0.0,0.00026677318886862597,0.5673010018654168,1
13.68,13.228639504741281,12.709736220281126,1.8465645095452665,-0.02434357903008948,0.07672421276104337,-0.8470798331134766,-0.02434357903008948,0.07672421276104337,-0.8470798331134766,2,0.1756524391089595,15.336594413683514,3,-1000.0,14.770788307906672,23.9310670694021,15.336594413683514,0.06526306379282457,14.770111306886346,0.0,0.0002667550288772625,0.5703310016542673,1
13.799999999999999,13.22571827525767,12.718943125812451,1.7449149295716493,-0.02186053396901979,0.06889834305941686,-0.7606776901359019,-0.02186053396901979,0.06889834305941686,-0.7606776901359019,2,0.17148630320703606,15.367737369677716,3,-1000.0,14.790962096402556,24.03271664937572,15.367737369677716,0.06357090336929551,14.542493947678004,0.0,0.00026673866551901444,2.3550650003016926,1
13.92,13.223095011181387,12.727210926979582,1.653633606755341,-0.019630759504179716,0.061870712067355615,-0.6830885657420398,-0.019630759504179716,0.061870712067355615,-0.6830885657420398,2,0.1676124642493094,15.39579163734876,3,-1000.0,14.80907815847186,24.123997972192026,15.39579163734876,0.06143050658162315,14.311175781108057,0.0,0.0002667239263321726,0.555289996555075,1
14.04,13.220739320040886,12.734635412427664,1.5716629788662961,-0.01762842203475392,0.05555989943648587,-0.6134135320363517,-0.01762842203475392,0.05555989943648587,-0.6134135320363517,2,0.16402569398060846,15.42043089075247,3,-1000.0,14.825346382210098,24.20596860008107,15.42043089075247,0.05869789283616014,14.076435698850617,0.0,0.0002667109823366869,0.535695995495189,1
14.16,13.218623909396715,12.741302600360044,1.498053355021934,-0.01583032298720859,0.04989278969396355,-0.5508453517686438,-0.01583032298720859,0.04989278969396355,-0.5508453517686438,2,0.16071247845732084,15.43683585437611,3,-1000.0,14.839955247127033,24.279578223925434,15.43683585437611,0.053359613469967704,13.83690915997702,0.0,0.0002667023646681185,1.6904160002013668,1
14.28,13.21672427063825,12.747289735123319,1.4319519128096967,-0.014215630042513626,0.044803725145179475,-0.4946591258882422,-0.014215630042513626,0.044803725145179475,-0.4946591258882422,2,0.15765978765820832,15.451567511710138,3,-1000.0,14.853074007822444,24.34567966613767,15.451567511710138,0.04872039976019077,13.595222302074315,0.0,0.00026669462635985514,0.5469149982673116,1
14.399999999999999,13.215018395033148,12.752666182140741,1.3725928177031077,-0.012765635778176508,0.040233745180370574,-0.4442038950476416,-0.012765635778176508,0.040233745180370574,-0.4442038950476416,2,0.1548555899070727,15.464796539996096,3,-1000.0,14.864854654926916,24.40503876124426,15.464796539996096,0.0446838198852672,13.351754957554672,0.0,0.0002666876776437544,0.5729070035158657,1
14.52,13.213486518739767,12.757494231562386,1.3192883502973907,-0.011463540928802729,0.03612990317197209,-0.3988950977527821,-0.011463540928802729,0.03612990317197209,-0.3988950977527821,2,0.15228638881671383,15.476676207396885,3,-1000.0,14.875433676026736,24.458343228649976,15.476676207396885,0.04116684141897399,13.106789221566476,0.0,0.00026668143792951487,0.5573460002779029,1
