step,time_s,x_m,y_m,distance_to_goal_m,clearance_to_inflated_occupancy_m,h,gradient_x,gradient_y,u_nom_x,u_nom_y,u_safe_x,u_safe_y,u_nom_norm,u_safe_norm,intervention_norm,cbf_residual,explicit_cbf_residual,solver_status,solve_time_s,was_filtered,integration_dt_s,integration_backtracks,collision
0,0.0,0.35,1.5,3.3,0.12711864406779644,0.017506695599481426,0.059015280133248416,0.15555759641627737,0.5,0.0,0.5,0.0,0.5,0.5,0.0,0.08202772686506848,0.08202772686506848,optimal,8.723000064492226e-06,False,0.02,0,False
1,0.02,0.36,1.5,3.29,0.12822366889044487,0.018170105452594083,0.06780622478321655,0.1513974446475835,0.5,0.0,0.5,0.0,0.5,0.5,0.0,0.08841342874939052,0.08841342874939052,optimal,6.1780010582879186e-06,False,0.02,0,False
2,0.04,0.37,1.5,3.28,0.1302076907311091,0.019084962504354652,0.07624150728443484,0.1425616288345597,0.5,0.0,0.5,0.0,0.5,0.5,0.0,0.09537564115528138,0.09537564115528138,optimal,4.9390000640414655e-06,False,0.02,0,False
3,0.06,0.38,1.5,3.27,0.1321917125717733,0.01999981955611522,0.0846767897856531,0.13372581302153594,0.5,0.0,0.5,0.0,0.5,0.5,0.0,0.1023378535611722,0.1023378535611722,optimal,4.707995685748756e-06,False,0.02,0,False
4,0.08,0.39,1.5,3.26,0.13417573441243758,0.02091467660787579,0.09311207228687138,0.12488999720851211,0.5,0.0,0.5,0.0,0.5,0.5,0.0,0.10930006596706306,0.10930006596706306,optimal,4.94599953526631e-06,False,0.02,0,False
5,0.1,0.4,1.5,3.25,0.13615975625310178,0.02182953365963635,0.10154735478808963,0.11605418139548836,0.5,0.0,0.5,0.0,0.5,0.5,0.0,0.11626227837295386,0.11626227837295386,optimal,4.782996256835759e-06,False,0.02,0,False
6,0.12,0.41000000000000003,1.5,3.2399999999999998,0.13971307335731087,0.02288590323553271,0.10929385002087387,0.10901756406386463,0.5,0.0,0.5,0.0,0.5,0.5,0.0,0.12330463471703507,0.12330463471703507,optimal,4.74600528832525e-06,False,0.02,0,False
7,0.14,0.42000000000000004,1.5,3.23,0.14487592406515581,0.024087413861824766,0.11633389677321307,0.10382627850803575,0.5,0.0,0.5,0.0,0.5,0.5,0.0,0.13042918997208083,0.13042918997208083,optimal,4.863999492954463e-06,False,0.02,0,False
8,0.16,0.43000000000000005,1.5,3.2199999999999998,0.15003877477300068,0.025288924488116808,0.1233739435255522,0.09863499295220692,0.5,0.0,0.5,0.0,0.5,0.5,0.0,0.13755374522712652,0.13755374522712652,optimal,4.672998329624534e-06,False,0.02,0,False
9,0.18,0.44000000000000006,1.5,3.21,0.15520162548084554,0.02649043511440885,0.13041399027789133,0.09344370739637808,0.5,0.0,0.5,0.0,0.5,0.5,0.0,0.14467830048217223,0.14467830048217223,optimal,4.676003300119191e-06,False,0.02,0,False
10,0.2,0.45000000000000007,1.5,3.1999999999999997,0.16036447618869043,0.027691945740700892,0.13745403703023046,0.0882524218405493,0.5,0.0,0.5,0.0,0.5,0.5,0.0,0.1518028557372179,0.1518028557372179,optimal,4.6959976316429675e-06,False,0.02,0,False
11,0.22,0.4600000000000001,1.5,3.19,0.16516313827844328,0.029076911136331936,0.14480032666016246,0.08117089309280275,0.5,0.0,0.5,0.0,0.5,0.5,0.0,0.15963089673907704,0.15963089673907704,optimal,5.104004230815917e-06,False,0.02,0,False
12,0.24,0.4700000000000001,1.5,3.1799999999999997,0.16947978602072133,0.03070468431491167,0.15255193774573206,0.07158757188516507,0.49999999999999994,0.0,0.49999999999999994,0.0,0.49999999999999994,0.49999999999999994,0.0,0.16839002181760104,0.16839002181760104,optimal,4.913999873679131e-06,False,0.02,0,False
13,0.26,0.4800000000000001,1.5,3.17,0.1737964337629994,0.03233245749349139,0.16030354883130163,0.06200425067752748,0.49999999999999994,0.0,0.49999999999999994,0.0,0.49999999999999994,0.49999999999999994,0.0,0.17714914689612496,0.17714914689612496,optimal,4.603003617376089e-06,False,0.02,0,False
14,0.28,0.4900000000000001,1.5,3.1599999999999997,0.17811308150527747,0.0339602306720711,0.1680551599168712,0.05242092946988988,0.5,0.0,0.5,0.0,0.5,0.5,0.0,0.1859082719746489,0.1859082719746489,optimal,4.524998075794429e-06,False,0.02,0,False
15,0.3,0.5000000000000001,1.5,3.15,0.18242972924755552,0.03558800385065082,0.17580677100244074,0.042837608262252296,0.5,0.0,0.5,0.0,0.5,0.5,0.0,0.19466739705317282,0.19466739705317282,optimal,4.627996531780809e-06,False,0.02,0,False
16,0.32,0.5100000000000001,1.5,3.1399999999999997,0.1866109527776028,0.03734745564877247,0.18281170137267594,0.03266775933134463,0.5,0.0,0.5,0.0,0.5,0.5,0.0,0.20344821763265536,0.20344821763265536,optimal,4.602996341418475e-06,False,0.02,0,False
17,0.34,0.5200000000000001,1.5,3.13,0.19055868628656245,0.039333939549552575,0.18852925119923114,0.021486655705144034,0.5,0.0,0.5,0.0,0.5,0.5,0.0,0.2122664442482733,0.2122664442482733,optimal,4.692999937105924e-06,False,0.02,0,False
18,0.36,0.5300000000000001,1.5,3.1199999999999997,0.19450641979552208,0.041320423450332676,0.1942468010257863,0.010305552078943429,0.5,0.0,0.5,0.0,0.5,0.5,0.0,0.22108467086389116,0.22108467086389116,optimal,4.483998054638505e-06,False,0.02,0,False
19,0.38,0.5400000000000001,1.5,3.11,0.19845415330448174,0.04330690735111277,0.1999643508523415,-0.0008755515472571689,0.5,0.0,0.5,0.0,0.5,0.5,0.0,0.22990289747950907,0.22990289747950907,optimal,4.763998731505126e-06,False,0.02,0,False
20,0.4,0.5500000000000002,1.5,3.0999999999999996,0.20240188681344135,0.04529339125189287,0.20568190067889663,-0.012056655173457772,0.5,0.0,0.5,0.0,0.5,0.5,0.0,0.23872112409512694,0.23872112409512694,optimal,4.661000275518745e-06,False,0.02,0,False
21,0.42,0.5600000000000002,1.5,3.09,0.2069150247292795,0.04734679616491569,0.2105653912463757,-0.02313416348651796,0.5,0.0,0.5,0.0,0.5,0.5,0.0,0.2473230841179349,0.2473230841179349,optimal,4.526002157945186e-06,False,0.02,0,False
22,0.44,0.5700000000000002,1.5,3.0799999999999996,0.2127238810775474,0.04955356173099466,0.2135374960118053,-0.03397426587363106,0.5,0.0,0.5,0.0,0.5,0.5,0.0,0.2554294331988866,0.2554294331988866,optimal,4.549998266156763e-06,False,0.02,0,False
23,0.46,0.5800000000000002,1.5,3.07,0.21853273742581522,0.05176032729707364,0.21650960077723486,-0.044814368260744156,0.5,0.0,0.5,0.0,0.5,0.5,0.0,0.2635357822798383,0.2635357822798383,optimal,4.695000825449824e-06,False,0.02,0,False
24,0.48,0.5900000000000002,1.5,3.0599999999999996,0.22434159377408305,0.05396709286315261,0.21948170554266447,-0.055654470647857265,0.5,0.0,0.5,0.0,0.5,0.5,0.0,0.2716421313607901,0.2716421313607901,optimal,4.601999535225332e-06,False,0.02,0,False
25,0.5,0.6000000000000002,1.5,3.05,0.23015045012235097,0.056173858429231616,0.22245381030809408,-0.06649457303497047,0.5,0.0,0.5,0.0,0.5,0.5,0.0,0.2797484804417419,0.2797484804417419,optimal,4.582005203701556e-06,False,0.02,0,False
26,0.52,0.6100000000000002,1.5,3.0399999999999996,0.23594186898705344,0.05840003068409952,0.224846083204847,-0.07714061083470343,0.5,0.0,0.5,0.0,0.5,0.5,0.0,0.28762313365472203,0.28762313365472203,optimal,6.061003659851849e-06,False,0.02,0,False
27,0.54,0.6200000000000002,1.5,3.03,0.2416782221141811,0.06068748721935349,0.22540730809525272,-0.08717381309534132,0.5,0.0,0.5,0.0,0.5,0.5,0.0,0.29476611570568684,0.29476611570568684,optimal,4.55100234830752e-06,False,0.02,0,False
28,0.56,0.6300000000000002,1.5,3.0199999999999996,0.24741457524130875,0.06297494375460748,0.22596853298565844,-0.09720701535597923,0.49999999999999994,0.0,0.49999999999999994,0.0,0.49999999999999994,0.49999999999999994,0.0,0.30190909775665165,0.30190909775665165,optimal,4.4199987314641476e-06,False,0.02,0,False
29,0.58,0.6400000000000002,1.5,3.01,0.25315092836843645,0.06526240028986145,0.22652975787606416,-0.10724021761661712,0.5,0.0,0.5,0.0,0.5,0.5,0.0,0.3090520798076164,0.3090520798076164,optimal,4.4190019252710044e-06,False,0.02,0,False
30,0.6,0.6500000000000002,1.5,2.9999999999999996,0.25888728149556417,0.06754985682511547,0.22709098276646986,-0.11727341987725509,0.5,0.0,0.5,0.0,0.5,0.5,0.0,0.3161950618585813,0.3161950618585813,optimal,4.4380067265592515e-06,False,0.02,0,False
31,0.62,0.6600000000000003,1.5,2.9899999999999998,0.2647360615569086,0.06983308534816274,0.227357483423409,-0.12714583946498584,0.49999999999999994,0.0,0.49999999999999994,0.0,0.49999999999999994,0.49999999999999994,0.0,0.3231779977561927,0.3231779977561927,optimal,4.639994585886598e-06,False,0.02,0,False
32,0.64,0.6700000000000003,1.5,2.9799999999999995,0.2711068238128307,0.07209668381453595,0.2262556215678252,-0.13627176807136218,0.49999999999999994,0.0,0.49999999999999994,0.0,0.49999999999999994,0.49999999999999994,0.0,0.32941786222752045,0.32941786222752045,optimal,4.608002200257033e-06,False,0.02,0,False
33,0.66,0.6800000000000003,1.5,2.9699999999999998,0.2774775860687527,0.07436028228090917,0.22515375971224133,-0.1453976966777385,0.5,0.0,0.5,0.0,0.5,0.5,0.0,0.3356577266988482,0.3356577266988482,optimal,4.6499990276061e-06,False,0.02,0,False
34,0.68,0.6900000000000003,1.5,2.9599999999999995,0.2838483483246749,0.07662388074728242,0.22405189785665747,-0.15452362528411492,0.5,0.0,0.5,0.0,0.5,0.5,0.0,0.341897591170176,0.341897591170176,optimal,4.694004019256681e-06,False,0.02,0,False
35,0.7000000000000001,0.7000000000000003,1.5,2.9499999999999997,0.290219110580597,0.07888747921365566,0.22295003600107363,-0.16364955389049124,0.5,0.0,0.5,0.0,0.5,0.5,0.0,0.3481374556415038,0.3481374556415038,optimal,4.5150009100325406e-06,False,0.02,0,False
36,0.72,0.7100000000000003,1.5,2.9399999999999995,0.29646372371512836,0.08114108393437468,0.2217412074791149,-0.1726717240305822,0.49999999999999994,0.0,0.49999999999999994,0.0,0.49999999999999994,0.49999999999999994,0.0,0.35429385554268145,0.35429385554268145,optimal,4.5289998524822295e-06,False,0.02,0,False
37,0.74,0.7200000000000003,1.5,2.9299999999999997,0.30172717701662116,0.08331695952222777,0.21970041599646295,-0.18088688387734267,0.49999999999999994,0.0,0.49999999999999994,0.0,0.49999999999999994,0.49999999999999994,0.0,0.3598010865649148,0.3598010865649148,optimal,4.554000042844564e-06,False,0.02,0,False
38,0.76,0.7300000000000003,1.5,2.9199999999999995,0.30699063031811386,0.08549283511008086,0.21765962451381096,-0.1891020437241031,0.5,0.0,0.5,0.0,0.5,0.5,0.0,0.36530831758714805,0.36530831758714805,optimal,4.460998752620071e-06,False,0.02,0,False
39,0.78,0.7400000000000003,1.5,2.9099999999999997,0.3122540836196067,0.08766871069793394,0.21561883303115897,-0.19731720357086366,0.5,0.0,0.5,0.0,0.5,0.5,0.0,0.3708155486093814,0.3708155486093814,optimal,4.590001481119543e-06,False,0.02,0,False
40,0.8,0.7500000000000003,1.5,2.8999999999999995,0.31751753692109946,0.08984458628578704,0.213578041548507,-0.20553236341762415,0.49999999999999994,0.0,0.49999999999999994,0.0,0.49999999999999994,0.49999999999999994,0.0,0.3763227796316146,0.3763227796316146,optimal,4.549998266156763e-06,False,0.02,0,False
41,0.8200000000000001,0.7600000000000003,1.5,2.8899999999999997,0.3225944261411427,0.09201443961793872,0.21151719101359906,-0.21370404493990894,0.5,0.0,0.5,0.0,0.5,0.5,0.0,0.3818019143606157,0.3818019143606157,optimal,4.594003257807344e-06,False,0.02,0,False
42,0.84,0.7700000000000004,1.5,2.8799999999999994,0.32417323883400934,0.09407137565568895,0.20908023324889172,-0.2210605078782753,0.5,0.0,0.5,0.0,0.5,0.5,0.0,0.38675424359151267,0.38675424359151267,optimal,4.658002580981702e-06,False,0.02,0,False
43,0.86,0.7800000000000004,1.5,2.8699999999999997,0.32575205152687586,0.0961283116934392,0.20664327548418437,-0.2284169708166417,0.5,0.0,0.5,0.0,0.5,0.5,0.0,0.3917065728224098,0.3917065728224098,optimal,4.499997885432094e-06,False,0.02,0,False
44,0.88,0.7900000000000004,1.5,2.8599999999999994,0.3273308642197425,0.09818524773118946,0.204206317719477,-0.23577343375500814,0.5,0.0,0.5,0.0,0.5,0.5,0.0,0.3966589020533069,0.3966589020533069,optimal,4.8539950512349606e-06,False,0.02,0,False
45,0.9,0.8000000000000004,1.5,2.8499999999999996,0.3289096769126091,0.10024218376893969,0.2017693599547697,-0.24312989669337454,0.5,0.0,0.5,0.0,0.5,0.5,0.0,0.40161123128420395,0.40161123128420395,optimal,4.67000063508749e-06,False,0.02,0,False
46,0.92,0.8100000000000004,1.5,2.8399999999999994,0.33048848960547567,0.10229911980668993,0.19933240219006232,-0.25048635963174093,0.5,0.0,0.5,0.0,0.5,0.5,0.0,0.40656356051510095,0.40656356051510095,optimal,4.641005943994969e-06,False,0.02,0,False
47,0.9400000000000001,0.8200000000000004,1.5,2.8299999999999996,0.3305084745762714,0.10422983310169964,0.19685848942009584,-0.2570815584659815,0.49999999999999994,0.0,0.49999999999999994,0.0,0.49999999999999994,0.49999999999999994,0.0,0.4111187440151468,0.4111187440151468,optimal,4.788002115674317e-06,False,0.02,0,False
48,0.96,0.8300000000000004,1.5,2.8199999999999994,0.3305084745762714,0.10615892815641782,0.1943841028680106,-0.26366699750401545,0.49999999999999994,0.0,0.49999999999999994,0.0,0.49999999999999994,0.49999999999999994,0.0,0.41566883590325876,0.41566883590325876,optimal,4.631001502275467e-06,False,0.02,0,False
49,0.98,0.8400000000000004,1.5,2.8099999999999996,0.3305084745762714,0.10808802321113598,0.19190971631592546,-0.27025243654204933,0.5,0.0,0.5,0.0,0.5,0.5,0.0,0.42021892779137066,0.42021892779137066,optimal,4.698995326180011e-06,False,0.02,0,False
50,1.0,0.8500000000000004,1.5,2.7999999999999994,0.3305084745762714,0.11001711826585417,0.18943532976384025,-0.27683787558008327,0.5,0.0,0.5,0.0,0.5,0.5,0.0,0.42476901967948266,0.42476901967948266,optimal,4.642999556381255e-06,False,0.02,0,False
51,1.02,0.8600000000000004,1.5,2.7899999999999996,0.3305084745762714,0.11194621332057234,0.18696094321175505,-0.2834233146181172,0.5,0.0,0.5,0.0,0.5,0.5,0.0,0.42931911156759456,0.42931911156759456,optimal,4.754998371936381e-06,False,0.02,0,False
52,1.04,0.8700000000000004,1.5,2.7799999999999994,0.3305084745762714,0.11376189981940653,0.184656802637776,-0.28939131403695545,0.49999999999999994,0.0,0.49999999999999994,0.0,0.49999999999999994,0.49999999999999994,0.0,0.43361410077710755,0.43361410077710755,optimal,5.848996806889772e-06,False,0.02,0,False
53,1.06,0.8800000000000004,1.5,2.7699999999999996,0.3305084745762714,0.11556826506707221,0.1823666548839153,-0.29530856499394215,0.5,0.0,0.5,0.0,0.5,0.5,0.0,0.43788812264317434,0.43788812264317434,optimal,4.5100023271515965e-06,False,0.02,0,False
54,1.08,0.8900000000000005,1.5,2.7599999999999993,0.3305084745762714,0.11737463031473785,0.18007650713005457,-0.30122581595092873,0.5,0.0,0.5,0.0,0.5,0.5,0.0,0.44216214450924085,0.44216214450924085,optimal,4.538000212050974e-06,False,0.02,0,False
55,1.1,0.9000000000000005,1.5,2.7499999999999996,0.3305084745762714,0.11918099556240355,0.17778635937619383,-0.30714306690791543,0.5,0.0,0.5,0.0,0.5,0.5,0.0,0.44643616637530753,0.44643616637530753,optimal,4.626999725587666e-06,False,0.02,0,False
56,1.12,0.9100000000000005,1.5,2.7399999999999993,0.3305084745762714,0.12098736081006921,0.1754962116223331,-0.31306031786490207,0.5,0.0,0.5,0.0,0.5,0.5,0.0,0.45071018824137415,0.45071018824137415,optimal,4.544999683275819e-06,False,0.02,0,False
57,1.1400000000000001,0.9200000000000005,1.5,2.7299999999999995,0.33050847457627136,0.12269974498825653,0.17347946583932225,-0.318490374235274,0.49999999999999994,0.0,0.49999999999999994,0.0,0.49999999999999994,0.49999999999999994,0.0,0.4548389678844307,0.4548389678844307,optimal,4.642999556381255e-06,False,0.02,0,False
58,1.16,0.9300000000000005,1.5,2.7199999999999993,0.3305084745762714,0.12439692634638123,0.17150694684571352,-0.32384161971663494,0.49999999999999994,0.0,0.49999999999999994,0.0,0.49999999999999994,0.49999999999999994,0.0,0.45894425246200043,0.45894425246200043,optimal,4.4909975258633494e-06,False,0.02,0,False
59,1.18,0.9400000000000005,1.5,2.7099999999999995,0.3305084745762714,0.12609410770450594,0.16953442785210482,-0.3291928651979958,0.5,0.0,0.5,0.0,0.5,0.5,0.0,0.46304953703957025,0.46304953703957025,optimal,4.4769985834136605e-06,False,0.02,0,False
60,1.2,0.9500000000000005,1.5,2.6999999999999993,0.3305084745762714,0.1277912890626306,0.16756190885849614,-0.3345441106793565,0.5,0.0,0.5,0.0,0.5,0.5,0.0,0.46715482161713984,0.46715482161713984,optimal,4.501001967582852e-06,False,0.02,0,False
61,1.22,0.9600000000000005,1.5,2.6899999999999995,0.3305084745762714,0.1294884704207553,0.16558938986488742,-0.3398953561607174,0.5,0.0,0.5,0.0,0.5,0.5,0.0,0.4712601061947096,0.4712601061947096,optimal,4.5100023271515965e-06,False,0.02,0,False
62,1.24,0.9700000000000005,1.5,2.6799999999999993,0.3305084745762714,0.1311134291615857,0.16393577127839964,-0.34486833962393315,0.5,0.0,0.5,0.0,0.5,0.5,0.0,0.4753081731239569,0.4753081731239569,optimal,4.610999894794077e-06,False,0.02,0,False
63,1.26,0.9800000000000005,1.5,2.6699999999999995,0.3305084745762714,0.13272004565040493,0.16236314327149812,-0.3497452565428582,0.5,0.0,0.5,0.0,0.5,0.5,0.0,0.47934170858696384,0.47934170858696384,optimal,4.57599526271224e-06,False,0.02,0,False
64,1.28,0.9900000000000005,1.5,2.6599999999999993,0.3305084745762714,0.13432666213922415,0.16079051526459653,-0.3546221734617832,0.49999999999999994,0.0,0.49999999999999994,0.0,0.49999999999999994,0.49999999999999994,0.0,0.4833752440499707,0.4833752440499707,optimal,4.704997991211712e-06,False,0.02,0,False
65,1.3,1.0000000000000004,1.5,2.6499999999999995,0.3305084745762714,0.13593327862804336,0.15921788725769506,-0.35949909038070815,0.5,0.0,0.5,0.0,0.5,0.5,0.0,0.48740877951297756,0.48740877951297756,optimal,4.579000233206898e-06,False,0.02,0,False
66,1.32,1.0100000000000005,1.5,2.6399999999999997,0.3305084745762714,0.13753989511686254,0.15764525925079353,-0.36437600729963315,0.5,0.0,0.5,0.0,0.5,0.5,0.0,0.4914423149759844,0.4914423149759844,optimal,4.674002411775291e-06,False,0.02,0,False
67,1.34,1.0200000000000005,1.5,2.6299999999999994,0.3305084745762714,0.1390960820008036,0.15640765317396357,-0.36895995166321954,0.49999999999999994,0.0,0.49999999999999994,0.0,0.49999999999999994,0.49999999999999994,0.0,0.49549207258939254,0.49549207258939254,optimal,4.631001502275467e-06,False,0.02,0,False
68,1.36,1.0300000000000005,1.5,2.619999999999999,0.3305084745762714,0.14063400988987496,0.15529134814078024,-0.3734378197567695,0.49999999999999994,0.0,0.49999999999999994,0.0,0.49999999999999994,0.49999999999999994,0.0,0.499547703740015,0.499547703740015,optimal,4.572997568175197e-06,False,0.02,0,False
69,1.3800000000000001,1.0400000000000005,1.5,2.6099999999999994,0.3305084745762714,0.14217193777894632,0.15417504310759686,-0.3779156878503195,0.5,0.0,0.5,0.0,0.5,0.5,0.0,0.5036033348906374,0.5036033348906374,optimal,4.640998668037355e-06,False,0.02,0,False
70,1.4000000000000001,1.0500000000000005,1.5,2.5999999999999996,0.3305084745762714,0.1437098656680177,0.15305873807441348,-0.3823935559438695,0.49999999999999994,0.0,0.49999999999999994,0.0,0.49999999999999994,0.49999999999999994,0.0,0.5076589660412598,0.5076589660412598,optimal,4.702000296674669e-06,False,0.02,0,False
71,1.42,1.0600000000000005,1.5,2.5899999999999994,0.3305084745762714,0.14524779355708903,0.15194243304123015,-0.38687142403741936,0.5,0.0,0.5,0.0,0.5,0.5,0.0,0.5117145971918822,0.5117145971918822,optimal,4.5769993448629975e-06,False,0.02,0,False
72,1.44,1.0700000000000005,1.5,2.579999999999999,0.3305084745762714,0.1467559643292039,0.1511637966208099,-0.39111796874345095,0.5,0.0,0.5,0.0,0.5,0.5,0.0,0.5158497912980167,0.5158497912980167,optimal,4.669993359129876e-06,False,0.02,0,False
73,1.46,1.0800000000000005,1.5,2.5699999999999994,0.3305084745762714,0.14824953727035897,0.15055080895382056,-0.395251034051832,0.5,0.0,0.5,0.0,0.5,0.5,0.0,0.5200240162879872,0.5200240162879872,optimal,4.57100395578891e-06,False,0.02,0,False
74,1.48,1.0900000000000005,1.5,2.5599999999999996,0.3305084745762714,0.14974311021151404,0.14993782128683125,-0.39938409936021313,0.5,0.0,0.5,0.0,0.5,0.5,0.0,0.5241982412779578,0.5241982412779578,optimal,4.509005520958453e-06,False,0.02,0,False
75,1.5,1.1000000000000005,1.5,2.5499999999999994,0.3305084745762714,0.15123668315266914,0.14932483361984192,-0.4035171646685941,0.5,0.0,0.5,0.0,0.5,0.5,0.0,0.5283724662679283,0.5283724662679283,optimal,4.720001015812159e-06,False,0.02,0,False
76,1.52,1.1100000000000005,1.5,2.539999999999999,0.3305084745762714,0.15273025609382418,0.1487118459528526,-0.4076502299769751,0.5,0.0,0.5,0.0,0.5,0.5,0.0,0.5325466912578989,0.5325466912578989,optimal,4.650006303563714e-06,False,0.02,0,False
77,1.54,1.1200000000000006,1.5,2.5299999999999994,0.33050847457627136,0.15421306260305725,0.1484334917121317,-0.41159044664721356,0.49999999999999994,0.0,0.49999999999999994,0.0,0.49999999999999994,0.49999999999999994,0.0,0.5368559336652377,0.5368559336652377,optimal,4.9009977374225855e-06,False,0.02,0,False
78,1.56,1.1300000000000006,1.5,2.5199999999999996,0.33050847457627136,0.155688915791674,0.14837125489254233,-0.41540611523865156,0.5,0.0,0.5,0.0,0.5,0.5,0.0,0.5412523748212932,0.5412523748212932,optimal,4.604000423569232e-06,False,0.02,0,False
79,1.58,1.1400000000000006,1.5,2.5099999999999993,0.3305084745762714,0.15716476898029075,0.14830901807295302,-0.4192217838300896,0.49999999999999994,0.0,0.49999999999999994,0.0,0.49999999999999994,0.49999999999999994,0.0,0.5456488159773487,0.5456488159773487,optimal,4.703004378825426e-06,False,0.02,0,False
80,1.6,1.1500000000000006,1.5,2.499999999999999,0.3305084745762714,0.1586406221689075,0.14824678125336369,-0.4230374524215276,0.5,0.0,0.5,0.0,0.5,0.5,0.0,0.5500452571334044,0.5500452571334044,optimal,4.743000317830592e-06,False,0.02,0,False
81,1.62,1.1600000000000006,1.5,2.4899999999999993,0.3305084745762714,0.1601164753575242,0.14818454443377435,-0.4268531210129656,0.5,0.0,0.5,0.0,0.5,0.5,0.0,0.5544416982894598,0.5544416982894598,optimal,4.5890046749264e-06,False,0.02,0,False
82,1.6400000000000001,1.1700000000000006,1.5,2.4799999999999995,0.33050847457627136,0.16159854302033327,0.14845028262477578,-0.43049143509710647,0.5,0.0,0.5,0.0,0.5,0.5,0.0,0.5590207703733877,0.5590207703733877,optimal,6.1399987316690385e-06,False,0.02,0,False
83,1.6600000000000001,1.1800000000000006,1.5,2.4699999999999993,0.33050847457627136,0.16308581349874512,0.14899060454557403,-0.43398126633792894,0.5,0.0,0.5,0.0,0.5,0.5,0.0,0.5637527427690224,0.5637527427690224,optimal,6.056994607206434e-06,False,0.02,0,False
84,1.68,1.1900000000000006,1.5,2.459999999999999,0.3305084745762714,0.16457308397715698,0.14953092646637228,-0.43747109757875136,0.49999999999999994,0.0,0.49999999999999994,0.0,0.49999999999999994,0.49999999999999994,0.0,0.568484715164657,0.568484715164657,optimal,4.521003575064242e-06,False,0.02,0,False
85,1.7,1.2000000000000006,1.5,2.4499999999999993,0.3305084745762714,0.16606035445556883,0.15007124838717056,-0.44096092881957377,0.5,0.0,0.5,0.0,0.5,0.5,0.0,0.5732166875602918,0.5732166875602918,optimal,4.6240020310506225e-06,False,0.02,0,False
86,1.72,1.2100000000000006,1.5,2.4399999999999995,0.3305084745762714,0.16754762493398068,0.15061157030796885,-0.4444507600603962,0.5,0.0,0.5,0.0,0.5,0.5,0.0,0.5779486599559265,0.5779486599559265,optimal,4.707995685748756e-06,False,0.02,0,False
87,1.74,1.2200000000000006,1.5,2.4299999999999993,0.33050847457627136,0.1690557227092933,0.1514668514921193,-0.44775599965518276,0.5,0.0,0.5,0.0,0.5,0.5,0.0,0.5829005938739397,0.5829005938739397,optimal,4.62999742012471e-06,False,0.02,0,False
88,1.76,1.2300000000000006,1.5,2.419999999999999,0.3305084745762714,0.17058629204178838,0.15266195714462338,-0.4508620745792464,0.5,0.0,0.5,0.0,0.5,0.5,0.0,0.5880898546976767,0.5880898546976767,optimal,4.659996193367988e-06,False,0.02,0,False
89,1.78,1.2400000000000007,1.5,2.4099999999999993,0.3305084745762714,0.17211686137428342,0.1538570627971274,-0.45396814950331,0.5,0.0,0.5,0.0,0.5,0.5,0.0,0.593279115521414,0.593279115521414,optimal,4.592002369463444e-06,False,0.02,0,False
90,1.8,1.2500000000000007,1.5,2.3999999999999995,0.3305084745762714,0.17364743070677846,0.1550521684496315,-0.45707422442737367,0.5,0.0,0.5,0.0,0.5,0.5,0.0,0.5984683763451512,0.5984683763451512,optimal,4.440997145138681e-06,False,0.02,0,False
91,1.82,1.2600000000000007,1.5,2.3899999999999992,0.3305084745762714,0.17517800003927353,0.1562472741021355,-0.4601802993514373,0.49999999999999994,0.0,0.49999999999999994,0.0,0.49999999999999994,0.49999999999999994,0.0,0.6036576371688883,0.6036576371688883,optimal,4.681001883000135e-06,False,0.02,0,False
92,1.84,1.2700000000000007,1.5,2.379999999999999,0.3305084745762714,0.17674103656927959,0.15773080284094462,-0.46307377931776256,0.5,0.0,0.5,0.0,0.5,0.5,0.0,0.609088511128311,0.609088511128311,optimal,4.549998266156763e-06,False,0.02,0,False
93,1.86,1.2800000000000007,1.5,2.369999999999999,0.3305084745762714,0.17834933040490702,0.15961637588187577,-0.46567091479754363,0.5,0.0,0.5,0.0,0.5,0.5,0.0,0.6148561791556589,0.6148561791556589,optimal,4.6009954530745745e-06,False,0.02,0,False
94,1.8800000000000001,1.2900000000000007,1.5,2.3599999999999994,0.3305084745762714,0.17995762424053446,0.16150194892280692,-0.46826805027732465,0.5,0.0,0.5,0.0,0.5,0.5,0.0,0.6206238471830068,0.6206238471830068,optimal,4.752000677399337e-06,False,0.02,0,False
95,1.9000000000000001,1.3000000000000007,1.5,2.349999999999999,0.3305084745762714,0.18156591807616196,0.16338752196373807,-0.4708651857571057,0.5,0.0,0.5,0.0,0.5,0.5,0.0,0.626391515210355,0.626391515210355,optimal,4.688998160418123e-06,False,0.02,0,False
96,1.92,1.3100000000000007,1.5,2.339999999999999,0.3305084745762714,0.18317421191178937,0.1652730950046692,-0.4734623212368866,0.5,0.0,0.5,0.0,0.5,0.5,0.0,0.6321591832377027,0.6321591832377027,optimal,4.749002982862294e-06,False,0.02,0,False
97,1.94,1.3200000000000007,1.5,2.329999999999999,0.3305084745762714,0.18482263421404715,0.1673968475829982,-0.475805285794964,0.5,0.0,0.5,0.0,0.5,0.5,0.0,0.6381663264336406,0.6381663264336406,optimal,5.273002898320556e-06,False,0.02,0,False
98,1.96,1.3300000000000007,1.5,2.3199999999999994,0.3305084745762714,0.18654414765195299,0.1699544271758731,-0.47768529617422406,0.5,0.0,0.5,0.0,0.5,0.5,0.0,0.6446096565437955,0.6446096565437955,optimal,4.679000994656235e-06,False,0.02,0,False
99,1.98,1.3400000000000007,1.5,2.309999999999999,0.3305084745762714,0.18826566108985876,0.17251200676874803,-0.47956530655348406,0.5,0.0,0.5,0.0,0.5,0.5,0.0,0.6510529866539503,0.6510529866539503,optimal,4.663997970055789e-06,False,0.02,0,False
100,2.0,1.3500000000000008,1.5,2.299999999999999,0.3305084745762714,0.18998717452776456,0.175069586361623,-0.48144531693274406,0.5,0.0,0.5,0.0,0.5,0.5,0.0,0.6574963167641051,0.6574963167641051,optimal,4.6670029405504465e-06,False,0.02,0,False
101,2.02,1.3600000000000008,1.5,2.289999999999999,0.3305084745762714,0.19170868796567037,0.17762716595449793,-0.4833253273120041,0.5,0.0,0.5,0.0,0.5,0.5,0.0,0.66393964687426,0.66393964687426,optimal,6.620000931434333e-06,False,0.02,0,False
102,2.04,1.3700000000000008,1.5,2.2799999999999994,0.33050847457627136,0.19347264245913606,0.1803411683093949,-0.48491360688925156,0.5,0.0,0.5,0.0,0.5,0.5,0.0,0.6705885115321056,0.6705885115321056,optimal,5.111003702040762e-06,False,0.02,0,False
103,2.06,1.3800000000000008,1.5,2.269999999999999,0.3305084745762714,0.19533993169657365,0.18343602608486725,-0.4857915853833382,0.5,0.0,0.5,0.0,0.5,0.5,0.0,0.6777378081321547,0.6777378081321547,optimal,4.591005563270301e-06,False,0.02,0,False
104,2.08,1.3900000000000008,1.5,2.259999999999999,0.3305084745762714,0.19720722093401122,0.18653088386033956,-0.4866695638774248,0.5,0.0,0.5,0.0,0.5,0.5,0.0,0.6848871047322034,0.6848871047322034,optimal,4.57599526271224e-06,False,0.02,0,False
105,2.1,1.4000000000000008,1.5,2.249999999999999,0.3305084745762714,0.19907451017144878,0.1896257416358119,-0.4875475423715115,0.5,0.0,0.5,0.0,0.5,0.5,0.0,0.6920364013322522,0.6920364013322522,optimal,4.5339984353631735e-06,False,0.02,0,False
106,2.12,1.4100000000000008,1.5,2.2399999999999993,0.3305084745762714,0.20094179940888635,0.19272059941128425,-0.48842552086559815,0.5,0.0,0.5,0.0,0.5,0.5,0.0,0.6991856979323011,0.6991856979323011,optimal,4.9439986469224095e-06,False,0.02,0,False
107,2.14,1.4200000000000008,1.5,2.229999999999999,0.33050847457627136,0.20284728225836268,0.1958657312482663,-0.4890090361488546,0.5,0.0,0.5,0.0,0.5,0.5,0.0,0.7064747123992212,0.7064747123992212,optimal,4.508001438807696e-06,False,0.02,0,False
108,2.16,1.4300000000000008,1.5,2.219999999999999,0.33050847457627147,0.20488219901530366,0.19918123629369827,-0.4885946483287426,0.5,0.0,0.5,0.0,0.5,0.5,0.0,0.7142372151927601,0.7142372151927601,optimal,4.4720000005327165e-06,False,0.02,0,False
109,2.18,1.4400000000000008,1.5,2.209999999999999,0.3305084745762714,0.20691711577224461,0.20249674133913012,-0.48818026050863067,0.5,0.0,0.5,0.0,0.5,0.5,0.0,0.7219997179862989,0.7219997179862989,optimal,4.499001079238951e-06,False,0.02,0,False
110,2.2,1.4500000000000008,1.5,2.1999999999999993,0.3305084745762714,0.2089520325291856,0.20581224638456203,-0.4877658726885187,0.5,0.0,0.5,0.0,0.5,0.5,0.0,0.7297622207798378,0.7297622207798378,optimal,4.603003617376089e-06,False,0.02,0,False
111,2.22,1.4600000000000009,1.5,2.189999999999999,0.3305084745762714,0.21098694928612657,0.20912775142999396,-0.4873514848684066,0.5,0.0,0.5,0.0,0.5,0.5,0.0,0.7375247235733766,0.7375247235733766,optimal,4.563000402413309e-06,False,0.02,0,False
112,2.24,1.4700000000000009,1.5,2.179999999999999,0.33063451614691214,0.2130495313310334,0.21239981979646438,-0.4867061234686159,0.5,0.0,0.5,0.0,0.5,0.5,0.0,0.7453485038913323,0.7453485038913323,optimal,4.646994057111442e-06,False,0.02,0,False
113,2.2600000000000002,1.4800000000000009,1.5,2.169999999999999,0.33140046107619037,0.21525256791484387,0.2154513634851307,-0.48488812697199546,0.5,0.0,0.5,0.0,0.5,0.5,0.0,0.753483385487097,0.753483385487097,optimal,4.763001925311983e-06,False,0.02,0,False
114,2.2800000000000002,1.4900000000000009,1.5,2.1599999999999993,0.3321664060054686,0.21745560449865425,0.21850290717379697,-0.48307013047537495,0.5,0.0,0.5,0.0,0.5,0.5,0.0,0.7616182670828613,0.7616182670828613,optimal,4.57100395578891e-06,False,0.02,0,False
115,2.3000000000000003,1.5000000000000009,1.5,2.149999999999999,0.33293235093474677,0.21965864108246472,0.22155445086246328,-0.48125213397875444,0.49999999999999994,0.0,0.49999999999999994,0.0,0.49999999999999994,0.49999999999999994,0.0,0.7697531486786258,0.7697531486786258,optimal,4.707006155513227e-06,False,0.02,0,False
116,2.32,1.510000000000001,1.5,2.139999999999999,0.333698295864025,0.22186167766627513,0.22460599455112962,-0.479434137482134,0.5,0.0,0.5,0.0,0.5,0.5,0.0,0.7778880302743901,0.7778880302743901,optimal,4.876004823017865e-06,False,0.02,0,False
117,2.34,1.520000000000001,1.5,2.129999999999999,0.3346140387528765,0.22407898232659465,0.22758568551411945,-0.47750182222996806,0.5,0.0,0.5,0.0,0.5,0.5,0.0,0.7860297897368437,0.7860297897368437,optimal,4.76899731438607e-06,False,0.02,0,False
118,2.36,1.530000000000001,1.5,2.119999999999999,0.33685923853293964,0.22642291616593221,0.22992768353673146,-0.4745549280223372,0.5,0.0,0.5,0.0,0.5,0.5,0.0,0.7942325902661623,0.7942325902661623,optimal,4.636000085156411e-06,False,0.02,0,False
119,2.38,1.540000000000001,1.5,2.109999999999999,0.33910443831300274,0.22876685000526978,0.23226968155934347,-0.4716080338147063,0.49999999999999994,0.0,0.49999999999999994,0.0,0.49999999999999994,0.49999999999999994,0.0,0.8024353907954811,0.8024353907954811,optimal,4.646004526875913e-06,False,0.02,0,False
120,2.4,1.550000000000001,1.5,2.0999999999999988,0.34134963809306584,0.23111078384460731,0.2346116795819554,-0.46866113960707556,0.5,0.0,0.5,0.0,0.5,0.5,0.0,0.8106381913247995,0.8106381913247995,optimal,4.913003067485988e-06,False,0.02,0,False
121,2.42,1.560000000000001,1.5,2.089999999999999,0.34359483787312906,0.23345471768394488,0.2369536776045674,-0.4657142453994446,0.5,0.0,0.5,0.0,0.5,0.5,0.0,0.8188409918541183,0.8188409918541183,optimal,4.59399598184973e-06,False,0.02,0,False
122,2.44,1.570000000000001,1.5,2.079999999999999,0.345890856206182,0.23580230723598597,0.2392585179730439,-0.462737295228867,0.5,0.0,0.5,0.0,0.5,0.5,0.0,0.8270361806944799,0.8270361806944799,optimal,4.540997906588018e-06,False,0.02,0,False
123,2.46,1.580000000000001,1.5,2.069999999999999,0.3494742778816401,0.23824250817651663,0.2406220311034248,-0.45899892733030306,0.5,0.0,0.5,0.0,0.5,0.5,0.0,0.8350385400812623,0.8350385400812623,optimal,4.528003046289086e-06,False,0.02,0,False
124,2.48,1.590000000000001,1.5,2.0599999999999987,0.3530576995570983,0.24068270911704726,0.24198554423380572,-0.4552605594317392,0.49999999999999994,0.0,0.49999999999999994,0.0,0.49999999999999994,0.49999999999999994,0.0,0.8430408994680446,0.8430408994680446,optimal,4.554996849037707e-06,False,0.02,0,False
125,2.5,1.600000000000001,1.5,2.049999999999999,0.3566411212325564,0.24312291005757786,0.2433490573641866,-0.45152219153317535,0.49999999999999994,0.0,0.49999999999999994,0.0,0.49999999999999994,0.49999999999999994,0.0,0.8510432588548269,0.8510432588548269,optimal,5.797999619971961e-06,False,0.02,0,False
126,2.52,1.610000000000001,1.5,2.039999999999999,0.3602245429080146,0.2455631109981085,0.24471257049456752,-0.44778382363461144,0.5,0.0,0.5,0.0,0.5,0.5,0.0,0.8590456182416093,0.8590456182416093,optimal,4.54900145996362e-06,False,0.02,0,False
127,2.54,1.620000000000001,1.5,2.029999999999999,0.3638079645834727,0.24800331193863911,0.24607608362494843,-0.4440454557360477,0.5,0.0,0.5,0.0,0.5,0.5,0.0,0.8670479776283916,0.8670479776283916,optimal,4.613000783137977e-06,False,0.02,0,False
128,2.56,1.630000000000001,1.5,2.0199999999999987,0.36851038083649057,0.25048426457148787,0.24636240564740927,-0.4398892813474087,0.5,0.0,0.5,0.0,0.5,0.5,0.0,0.8746339965381682,0.8746339965381682,optimal,4.526998964138329e-06,False,0.02,0,False
129,2.58,1.640000000000001,1.5,2.009999999999999,0.37324186188373054,0.2529662756898513,0.24662074868005407,-0.4357222548421444,0.5,0.0,0.5,0.0,0.5,0.5,0.0,0.8822092014095809,0.8822092014095809,optimal,4.506997356656939e-06,False,0.02,0,False
130,2.6,1.650000000000001,1.5,1.999999999999999,0.37797334293097046,0.25544828680821474,0.24687909171269895,-0.4315552283368802,0.49999999999999994,0.0,0.49999999999999994,0.0,0.49999999999999994,0.49999999999999994,0.0,0.8897844062809936,0.8897844062809936,optimal,5.2770046750083566e-06,False,0.02,0,False
131,2.62,1.660000000000001,1.5,1.9899999999999989,0.3827048239782104,0.25793029792657823,0.24713743474534378,-0.427388201831616,0.5,0.0,0.5,0.0,0.5,0.5,0.0,0.8973596111524065,0.8973596111524065,optimal,4.529996658675373e-06,False,0.02,0,False
132,2.64,1.670000000000001,1.5,1.9799999999999989,0.3874363050254505,0.2604123090449418,0.24739577777798866,-0.4232211753263517,0.5,0.0,0.5,0.0,0.5,0.5,0.0,0.9049348160238198,0.9049348160238198,optimal,4.6570057747885585e-06,False,0.02,0,False
133,2.66,1.680000000000001,1.5,1.9699999999999989,0.39194999221856147,0.2628800579129111,0.24664355742304675,-0.4189750790270442,0.5,0.0,0.5,0.0,0.5,0.5,0.0,0.9119619524502566,0.9119619524502566,optimal,4.6389977796934545e-06,False,0.02,0,False
134,2.68,1.690000000000001,1.5,1.9599999999999989,0.39644250500918776,0.2653464201732032,0.24579308784986736,-0.4147212953866491,0.5,0.0,0.5,0.0,0.5,0.5,0.0,0.9189358044445433,0.9189358044445433,optimal,4.866000381298363e-06,False,0.02,0,False
135,2.7,1.700000000000001,1.5,1.9499999999999988,0.4009350177998141,0.2678127824334954,0.24494261827668795,-0.41046751174625395,0.5,0.0,0.5,0.0,0.5,0.5,0.0,0.92590965643883,0.92590965643883,optimal,4.568995791487396e-06,False,0.02,0,False
136,2.72,1.710000000000001,1.5,1.9399999999999988,0.40542753059044034,0.27027914469378744,0.2440921487035086,-0.4062137281058589,0.5,0.0,0.5,0.0,0.5,0.5,0.0,0.9328835084331166,0.9328835084331166,optimal,4.480003553908318e-06,False,0.02,0,False
137,2.74,1.720000000000001,1.5,1.9299999999999988,0.40992004338106663,0.2727455069540795,0.24324167913032924,-0.4019599444654638,0.5,0.0,0.5,0.0,0.5,0.5,0.0,0.9398573604274032,0.9398573604274032,optimal,4.659996193367988e-06,False,0.02,0,False
138,2.7600000000000002,1.730000000000001,1.5,1.9199999999999988,0.4141807236274674,0.27515209958042647,0.24152691853614858,-0.3978736209980824,0.5,0.0,0.5,0.0,0.5,0.5,0.0,0.9462197580093538,0.9462197580093538,optimal,4.5190026867203414e-06,False,0.02,0,False
139,2.7800000000000002,1.740000000000001,1.5,1.9099999999999988,0.41839988162714103,0.27754798719770846,0.23965735955014703,-0.39381729039750946,0.5,0.0,0.5,0.0,0.5,0.5,0.0,0.9524726413681989,0.9524726413681989,optimal,4.6190034481696784e-06,False,0.02,0,False
140,2.8000000000000003,1.750000000000001,1.5,1.8999999999999988,0.42261903962681463,0.27994387481499045,0.23778780056414545,-0.3897609597969365,0.5,0.0,0.5,0.0,0.5,0.5,0.0,0.958725524727044,0.958725524727044,optimal,4.544999683275819e-06,False,0.02,0,False
141,2.82,1.7600000000000011,1.5,1.8899999999999988,0.4268381976264882,0.28233976243227243,0.2359182415781439,-0.3857046291963636,0.5,0.0,0.5,0.0,0.5,0.5,0.0,0.9649784080858892,0.9649784080858892,optimal,4.633002390619367e-06,False,0.02,0,False
142,2.84,1.7700000000000011,1.5,1.8799999999999988,0.431057355626162,0.28473565004955453,0.23404868259214223,-0.3816482985957906,0.49999999999999994,0.0,0.49999999999999994,0.0,0.49999999999999994,0.49999999999999994,0.0,0.9712312914447346,0.9712312914447346,optimal,4.647001333069056e-06,False,0.02,0,False
143,2.86,1.7800000000000011,1.5,1.8699999999999988,0.4359936831612855,0.28703826472089944,0.23149507459498828,-0.3779131989574067,0.5,0.0,0.5,0.0,0.5,0.5,0.0,0.9768623314601924,0.9768623314601924,optimal,4.579997039400041e-06,False,0.02,0,False
144,2.88,1.7900000000000011,1.5,1.8599999999999988,0.441126653956129,0.2893153045522293,0.22875390477219584,-0.3742661787763972,0.5,0.0,0.5,0.0,0.5,0.5,0.0,0.9823228660427858,0.9823228660427858,optimal,4.80699964100495e-06,False,0.02,0,False
145,2.9,1.8000000000000012,1.5,1.8499999999999988,0.4462596247509726,0.29159234438355935,0.22601273494940338,-0.3706191585953875,0.5,0.0,0.5,0.0,0.5,0.5,0.0,0.9877834006253798,0.9877834006253798,optimal,4.632995114661753e-06,False,0.02,0,False
146,2.92,1.8100000000000012,1.5,1.8399999999999987,0.4513925955458161,0.2938693842148893,0.22327156512661095,-0.36697213841437804,0.5,0.0,0.5,0.0,0.5,0.5,0.0,0.9932439352079734,0.9932439352079734,optimal,4.537003405857831e-06,False,0.02,0,False
147,2.94,1.8200000000000012,1.5,1.8299999999999987,0.45652556634065955,0.29614642404621916,0.22053039530381857,-0.3633251182333685,0.5,0.0,0.5,0.0,0.5,0.5,0.0,0.9987044697905667,0.9987044697905667,optimal,4.39400173490867e-06,False,0.02,0,False
148,2.96,1.8300000000000012,1.5,1.8199999999999987,0.4622119692640543,0.29830893065225655,0.21728602389773033,-0.36007610680492713,0.5,0.0,0.5,0.0,0.5,0.5,0.0,1.0035698039056347,1.0035698039056347,optimal,4.4959961087442935e-06,False,0.02,0,False
149,2.98,1.8400000000000012,1.5,1.8099999999999987,0.4681119775703981,0.3004272314520406,0.21384743433668604,-0.3569807127897578,0.5,0.0,0.5,0.0,0.5,0.5,0.0,1.0082054115244647,1.0082054115244647,optimal,4.513996827881783e-06,False,0.02,0,False
150,3.0,1.8500000000000012,1.5,1.7999999999999987,0.47401198587674187,0.30254553225182457,0.21040884477564176,-0.3538853187745884,0.5,0.0,0.5,0.0,0.5,0.5,0.0,1.0128410191432946,1.0128410191432946,optimal,4.729998181574047e-06,False,0.02,0,False
151,3.02,1.8600000000000012,1.5,1.7899999999999987,0.47991199418308583,0.3046638330516087,0.2069702552145974,-0.35078992475941895,0.5,0.0,0.5,0.0,0.5,0.5,0.0,1.017476626762125,1.017476626762125,optimal,4.645000444725156e-06,False,0.02,0,False
152,3.04,1.8700000000000012,1.5,1.7799999999999987,0.4858120024894297,0.30678213385139275,0.20353166565355313,-0.3476945307442496,0.5,0.0,0.5,0.0,0.5,0.5,0.0,1.0221122343809548,1.0221122343809548,optimal,4.620000254362822e-06,False,0.02,0,False
153,3.06,1.8800000000000012,1.5,1.7699999999999987,0.4921298044993046,0.3087757185294328,0.19975207677997495,-0.3450178400134821,0.5,0.0,0.5,0.0,0.5,0.5,0.0,1.0262031939782859,1.0262031939782859,optimal,4.736000846605748e-06,False,0.02,0,False
154,3.08,1.8900000000000012,1.5,1.7599999999999987,0.49866453785524345,0.3107045467596443,0.19579543057104268,-0.34255855291115406,0.5,0.0,0.5,0.0,0.5,0.5,0.0,1.0300113555644543,1.0300113555644543,optimal,4.642999556381255e-06,False,0.02,0,False
155,3.1,1.9000000000000012,1.5,1.7499999999999987,0.5051992712111826,0.3126333749898559,0.19183878436211033,-0.3400992658088258,0.5,0.0,0.5,0.0,0.5,0.5,0.0,1.0338195171506228,1.0338195171506228,optimal,4.624998837243766e-06,False,0.02,0,False
156,3.12,1.9100000000000013,1.5,1.7399999999999987,0.5117340045671215,0.3145622032200674,0.18788213815317806,-0.3376399787064977,0.5,0.0,0.5,0.0,0.5,0.5,0.0,1.037627678736791,1.037627678736791,optimal,4.677996912505478e-06,False,0.02,0,False
157,3.14,1.9200000000000013,1.5,1.7299999999999986,0.5182687379230604,0.3164910314502789,0.18392549194424582,-0.33518069160416963,0.5,0.0,0.5,0.0,0.5,0.5,0.0,1.0414358403229595,1.0414358403229595,optimal,4.7489957069046795e-06,False,0.02,0,False
158,3.16,1.9300000000000013,1.5,1.7199999999999986,0.525113692484531,0.3182942087713836,0.17976326419263733,-0.3331239232593657,0.5,0.0,0.5,0.0,0.5,0.5,0.0,1.0447642584104695,1.0447642584104695,optimal,4.837995220441371e-06,False,0.02,0,False
159,3.18,1.9400000000000013,1.5,1.7099999999999986,0.53216986148381,0.32001183653735166,0.17546106602899433,-0.33134121023883367,0.5,0.0,0.5,0.0,0.5,0.5,0.0,1.047766042626552,1.047766042626552,optimal,4.692999937105924e-06,False,0.02,0,False
160,3.2,1.9500000000000013,1.5,1.6999999999999986,0.5392260304830888,0.32172946430331983,0.17115886786535128,-0.3295584972183016,0.5,0.0,0.5,0.0,0.5,0.5,0.0,1.0507678268426353,1.0507678268426353,optimal,4.642002750188112e-06,False,0.02,0,False
161,3.22,1.9600000000000013,1.5,1.6899999999999986,0.546282199482368,0.323447092069288,0.1668566697017081,-0.3277757841977695,0.5,0.0,0.5,0.0,0.5,0.5,0.0,1.053769611058718,1.053769611058718,optimal,4.825997166335583e-06,False,0.02,0,False
162,3.24,1.9700000000000013,1.5,1.6799999999999986,0.553338368481647,0.3251647198352561,0.16255447153806504,-0.32599307117723747,0.5,0.0,0.5,0.0,0.5,0.5,0.0,1.0567713952748008,1.0567713952748008,optimal,4.6499990276061e-06,False,0.02,0,False
163,3.2600000000000002,1.9800000000000013,1.5,1.6699999999999986,0.5604030625979973,0.3267630116866873,0.15815408657983088,-0.32457457822010216,0.5,0.0,0.5,0.0,0.5,0.5,0.0,1.0593660783499774,1.0593660783499774,optimal,4.599001840688288e-06,False,0.02,0,False
164,3.2800000000000002,1.9900000000000013,1.5,1.6599999999999986,0.5674752669365295,0.3282561742800742,0.15366720373112366,-0.3234769457950066,0.5,0.0,0.5,0.0,0.5,0.5,0.0,1.0616021247057843,1.0616021247057843,optimal,4.627996531780809e-06,False,0.02,0,False
165,3.3000000000000003,2.0000000000000013,1.5,1.6499999999999986,0.574547471275062,0.3297493368734612,0.14918032088241623,-0.322379313369911,0.5,0.0,0.5,0.0,0.5,0.5,0.0,1.0638381710615916,1.0638381710615916,optimal,4.53100074082613e-06,False,0.02,0,False
166,3.3200000000000003,2.010000000000001,1.5,1.6399999999999988,0.581619675613594,0.33124249946684803,0.14469343803370915,-0.3212816809448155,0.5,0.0,0.5,0.0,0.5,0.5,0.0,1.0660742174173987,1.0660742174173987,optimal,4.595000064000487e-06,False,0.02,0,False
167,3.34,2.020000000000001,1.5,1.629999999999999,0.5886918799521264,0.3327356620602349,0.1402065551850019,-0.32018404851971993,0.5,0.0,0.5,0.0,0.5,0.5,0.0,1.0683102637732058,1.0683102637732058,optimal,4.485002136789262e-06,False,0.02,0,False
168,3.36,2.0300000000000007,1.5,1.6199999999999992,0.5957705758635768,0.3341211487004473,0.1357029702818654,-0.3194003328745696,0.5,0.0,0.5,0.0,0.5,0.5,0.0,1.0702149312422746,1.0702149312422746,optimal,4.502995579969138e-06,False,0.02,0,False
169,3.38,2.0400000000000005,1.5,1.6099999999999994,0.6028566405875297,0.33538440858300195,0.13118042628991725,-0.31897295519584346,0.5,0.0,0.5,0.0,0.5,0.5,0.0,1.0717434388939644,1.0717434388939644,optimal,4.62700700154528e-06,False,0.02,0,False
170,3.4,2.0500000000000003,1.5,1.5999999999999996,0.6099427053114821,0.3366476684655566,0.1266578822979693,-0.3185455775171173,0.5,0.0,0.5,0.0,0.5,0.5,0.0,1.0732719465456544,1.0732719465456544,optimal,5.736001185141504e-06,False,0.02,0,False
171,3.42,2.06,1.5,1.5899999999999999,0.6170287700354349,0.3379109283481113,0.12213533830602118,-0.3181181998383911,0.49999999999999994,0.0,0.49999999999999994,0.0,0.49999999999999994,0.49999999999999994,0.0,1.0748004541973446,1.0748004541973446,optimal,4.59399598184973e-06,False,0.02,0,False
172,3.44,2.07,1.5,1.58,0.6241148347593877,0.33917418823066603,0.11761279431407305,-0.31769082215966493,0.49999999999999994,0.0,0.49999999999999994,0.0,0.49999999999999994,0.49999999999999994,0.0,1.0763289618490346,1.0763289618490346,optimal,4.5140041038393974e-06,False,0.02,0,False
173,3.46,2.0799999999999996,1.5,1.5700000000000003,0.6313433717257189,0.3403450627248286,0.11313220537041499,-0.31752143662298427,0.5,0.0,0.5,0.0,0.5,0.5,0.0,1.0776012908596935,1.0776012908596935,optimal,4.7240027924999595e-06,False,0.02,0,False
174,3.48,2.0899999999999994,1.5,1.5600000000000005,0.6387811647980441,0.3413802461797904,0.10871323790393259,-0.3177309770449331,0.5,0.0,0.5,0.0,0.5,0.5,0.0,1.0784973574913375,1.0784973574913375,optimal,4.649002221412957e-06,False,0.02,0,False
175,3.5,2.099999999999999,1.5,1.5500000000000007,0.6462189578703694,0.34241542963475213,0.10429427043745017,-0.3179405174668819,0.5,0.0,0.5,0.0,0.5,0.5,0.0,1.0793934241229814,1.0793934241229814,optimal,4.539004294201732e-06,False,0.02,0,False
176,3.52,2.109999999999999,1.5,1.540000000000001,0.6536567509426945,0.3434506130897139,0.09987530297096789,-0.31815005788883066,0.5,0.0,0.5,0.0,0.5,0.5,0.0,1.0802894907546257,1.0802894907546257,optimal,4.565998096950352e-06,False,0.02,0,False
177,3.54,2.1199999999999988,1.5,1.5300000000000011,0.6610945440150199,0.3444857965446757,0.09545633550448548,-0.3183595983107794,0.5,0.0,0.5,0.0,0.5,0.5,0.0,1.0811855573862699,1.0811855573862699,optimal,4.601999535225332e-06,False,0.02,0,False
178,3.56,2.1299999999999986,1.5,1.5200000000000014,0.6643026831606176,0.3454459904222133,0.09111786850850305,-0.3187695176915477,0.5,0.0,0.5,0.0,0.5,0.5,0.0,1.0818969055208913,1.0818969055208913,optimal,4.577996151056141e-06,False,0.02,0,False
179,3.58,2.1399999999999983,1.5,1.5100000000000016,0.6593648221510318,0.3462617599284153,0.08693443945570593,-0.31956535210411674,0.5,0.0,0.5,0.0,0.5,0.5,0.0,1.0822524995130989,1.0822524995130989,optimal,4.72600368084386e-06,False,0.02,0,False
180,3.6,2.149999999999998,1.5,1.5000000000000018,0.6544269611414458,0.34707752943461734,0.08275101040290869,-0.3203611865166859,0.49999999999999994,0.0,0.49999999999999994,0.0,0.49999999999999994,0.49999999999999994,0.0,1.0826080935053064,1.0826080935053064,optimal,4.816996806766838e-06,False,0.02,0,False
181,3.62,2.159999999999998,1.5,1.490000000000002,0.6494891001318599,0.34789329894081944,0.07856758135011145,-0.3211570209292549,0.5,0.0,0.5,0.0,0.5,0.5,0.0,1.0829636874975141,1.0829636874975141,optimal,4.597997758537531e-06,False,0.02,0,False
182,3.64,2.1699999999999977,1.5,1.4800000000000022,0.6445512391222741,0.34870906844702143,0.07438415229731435,-0.32195285534182394,0.49999999999999994,0.0,0.49999999999999994,0.0,0.49999999999999994,0.49999999999999994,0.0,1.0833192814897217,1.0833192814897217,optimal,4.651003109756857e-06,False,0.02,0,False
183,3.66,2.1799999999999975,1.5,1.4700000000000024,0.6395266154123884,0.3494679653253839,0.0703014550567511,-0.3228925185500394,0.5,0.0,0.5,0.0,0.5,0.5,0.0,1.0835546235045272,1.0835546235045272,optimal,4.7339999582618475e-06,False,0.02,0,False
184,3.68,2.1899999999999973,1.5,1.4600000000000026,0.6342771974335442,0.3500795103952522,0.06647974478424894,-0.32420482909243026,0.49999999999999994,0.0,0.49999999999999994,0.0,0.49999999999999994,0.49999999999999994,0.0,1.083478403577881,1.083478403577881,optimal,4.583002009894699e-06,False,0.02,0,False
185,3.7,2.199999999999997,1.5,1.4500000000000028,0.6290277794547,0.3506910554651206,0.06265803451174679,-0.3255171396348211,0.49999999999999994,0.0,0.49999999999999994,0.0,0.49999999999999994,0.49999999999999994,0.0,1.083402183651235,1.083402183651235,optimal,4.679000994656235e-06,False,0.02,0,False
186,3.72,2.209999999999997,1.5,1.440000000000003,0.623778361475856,0.35130260053498896,0.058836324239244765,-0.3268294501772119,0.5,0.0,0.5,0.0,0.5,0.5,0.0,1.0833259637245893,1.0833259637245893,optimal,4.80699964100495e-06,False,0.02,0,False
187,3.74,2.2199999999999966,1.5,1.4300000000000033,0.6185289434970118,0.35191414560485734,0.05501461396674262,-0.32814176071960277,0.5,0.0,0.5,0.0,0.5,0.5,0.0,1.0832497437979434,1.0832497437979434,optimal,4.55799454357475e-06,False,0.02,0,False
188,3.7600000000000002,2.2299999999999964,1.5,1.4200000000000035,0.6134134503171385,0.3524863573661111,0.0512964704874285,-0.32954512159422006,0.49999999999999994,0.0,0.49999999999999994,0.0,0.49999999999999994,0.49999999999999994,0.0,1.0831073073420474,1.0831073073420474,optimal,4.57100395578891e-06,False,0.02,0,False
189,3.7800000000000002,2.239999999999996,1.5,1.4100000000000037,0.6087863887570427,0.35291511823712307,0.047956041195036325,-0.33128054838637,0.5,0.0,0.5,0.0,0.5,0.5,0.0,1.0827233753088874,1.0827233753088874,optimal,4.639994585886598e-06,False,0.02,0,False
190,3.8000000000000003,2.249999999999996,1.5,1.400000000000004,0.6041593271969469,0.3533438791081351,0.044615611902644035,-0.33301597517851994,0.5,0.0,0.5,0.0,0.5,0.5,0.0,1.0823394432757272,1.0823394432757272,optimal,4.6050045057199895e-06,False,0.02,0,False
191,3.8200000000000003,2.259999999999996,1.5,1.3900000000000041,0.5995322656368509,0.35377263997914704,0.04127518261025174,-0.3347514019706699,0.5,0.0,0.5,0.0,0.5,0.5,0.0,1.081955511242567,1.081955511242567,optimal,4.478999471757561e-06,False,0.02,0,False
192,3.84,2.2699999999999956,1.5,1.3800000000000043,0.5949052040767551,0.35420140085015894,0.03793475331785956,-0.33648682876281977,0.49999999999999994,0.0,0.49999999999999994,0.0,0.49999999999999994,0.49999999999999994,0.0,1.0815715792094065,1.0815715792094065,optimal,4.5890046749264e-06,False,0.02,0,False
193,3.86,2.2799999999999954,1.5,1.3700000000000045,0.5903461970720291,0.3546065434241747,0.034683915718838935,-0.33826790138900376,0.5,0.0,0.5,0.0,0.5,0.5,0.0,1.0811615881319434,1.0811615881319434,optimal,4.5720007619820535e-06,False,0.02,0,False
194,3.88,2.289999999999995,1.5,1.3600000000000048,0.5861671613347864,0.35487981717329453,0.03193329840781189,-0.34030382992187835,0.5,0.0,0.5,0.0,0.5,0.5,0.0,1.0806061007237895,1.0806061007237895,optimal,4.642999556381255e-06,False,0.02,0,False
195,3.9,2.299999999999995,1.5,1.350000000000005,0.581988125597544,0.35515309092241426,0.029182681096784933,-0.3423397584547529,0.5,0.0,0.5,0.0,0.5,0.5,0.0,1.0800506133156351,1.0800506133156351,optimal,4.5769993448629975e-06,False,0.02,0,False
196,3.92,2.3099999999999947,1.5,1.3400000000000052,0.5778090898603012,0.3554263646715341,0.026432063785757888,-0.3443756869876275,0.5,0.0,0.5,0.0,0.5,0.5,0.0,1.0794951259074812,1.0794951259074812,optimal,4.617999366018921e-06,False,0.02,0,False
197,3.94,2.3199999999999945,1.5,1.3300000000000054,0.5736300541230586,0.3556996384206539,0.02368144647473084,-0.34641161552050215,0.49999999999999994,0.0,0.49999999999999994,0.0,0.49999999999999994,0.49999999999999994,0.0,1.078939638499327,1.078939638499327,optimal,4.535002517513931e-06,False,0.02,0,False
198,3.96,2.3299999999999943,1.5,1.3200000000000056,0.5693956846692074,0.355962008437838,0.020990930379362772,-0.3484602435761464,0.5,0.0,0.5,0.0,0.5,0.5,0.0,1.0783814905031954,1.0783814905031954,optimal,4.6570057747885585e-06,False,0.02,0,False
199,3.98,2.339999999999994,1.5,1.3100000000000058,0.5645921684159494,0.3561122257836826,0.01891859821649043,-0.3506394952945662,0.49999999999999994,0.0,0.49999999999999994,0.0,0.49999999999999994,0.49999999999999994,0.0,1.077795976459293,1.077795976459293,optimal,4.617002559825778e-06,False,0.02,0,False
200,4.0,2.349999999999994,1.5,1.300000000000006,0.5597886521626914,0.35626244312952726,0.016846266053618095,-0.35281874701298577,0.5,0.0,0.5,0.0,0.5,0.5,0.0,1.0772104624153906,1.0772104624153906,optimal,4.588997398968786e-06,False,0.02,0,False
201,4.0200000000000005,2.3599999999999937,1.5,1.2900000000000063,0.5549851359094333,0.35641266047537196,0.014773933890745754,-0.3549979987314054,0.5,0.0,0.5,0.0,0.5,0.5,0.0,1.0766249483714887,1.0766249483714887,optimal,4.542998794931918e-06,False,0.02,0,False
202,4.04,2.3699999999999934,1.5,1.2800000000000065,0.5501816196561755,0.35656287782121665,0.01270160172787349,-0.357177250449825,0.5,0.0,0.5,0.0,0.5,0.5,0.0,1.0760394343275868,1.0760394343275868,optimal,4.606998118106276e-06,False,0.02,0,False
203,4.0600000000000005,2.3799999999999932,1.5,1.2700000000000067,0.5453916308250383,0.35671089769824416,0.010647818724541395,-0.3593552215272917,0.5,0.0,0.5,0.0,0.5,0.5,0.0,1.0754566024570031,1.0754566024570031,optimal,4.460998752620071e-06,False,0.02,0,False
204,4.08,2.389999999999993,1.5,1.260000000000007,0.5411224477455642,0.3567743150258073,0.009308178363528036,-0.3614838879280651,0.5,0.0,0.5,0.0,0.5,0.5,0.0,1.0749770342591858,1.0749770342591858,optimal,4.552995960693806e-06,False,0.02,0,False
205,4.1,2.399999999999993,1.5,1.250000000000007,0.5368532646660903,0.35683773235337035,0.007968538002514727,-0.3636125543288383,0.5,0.0,0.5,0.0,0.5,0.5,0.0,1.0744974660613682,1.0744974660613682,optimal,4.5769993448629975e-06,False,0.02,0,False
206,4.12,2.4099999999999926,1.5,1.2400000000000073,0.5325840815866163,0.35690114968093345,0.006628897641501367,-0.3657412207296117,0.5,0.0,0.5,0.0,0.5,0.5,0.0,1.0740178978635508,1.0740178978635508,optimal,4.570996679831296e-06,False,0.02,0,False
207,4.14,2.4199999999999924,1.5,1.2300000000000075,0.5283148985071423,0.35696456700849655,0.005289257280488009,-0.36786988713038504,0.5,0.0,0.5,0.0,0.5,0.5,0.0,1.0735383296657335,1.0735383296657335,optimal,4.538000212050974e-06,False,0.02,0,False
208,4.16,2.429999999999992,1.5,1.2200000000000077,0.5240457154276685,0.35702798433605965,0.003949616919474699,-0.3699985535311583,0.5,0.0,0.5,0.0,0.5,0.5,0.0,1.0730587614679161,1.0730587614679161,optimal,4.656001692637801e-06,False,0.02,0,False
209,4.18,2.439999999999992,1.5,1.210000000000008,0.5205670924706322,0.3570443973326288,0.003317203825309055,-0.37186117544246755,0.5,0.0,0.5,0.0,0.5,0.5,0.0,1.0727917939105411,1.0727917939105411,optimal,4.525005351752043e-06,False,0.02,0,False
210,4.2,2.4499999999999917,1.5,1.2000000000000082,0.5171196758342191,0.3570589548950797,0.0027127075969406375,-0.3737132955976134,0.49999999999999994,0.0,0.49999999999999994,0.0,0.49999999999999994,0.49999999999999994,0.0,1.0725332184837093,1.0725332184837093,optimal,4.641995474230498e-06,False,0.02,0,False
211,4.22,2.4599999999999915,1.5,1.1900000000000084,0.5136722591978062,0.3570735124575306,0.002108211368572242,-0.3755654157527592,0.5,0.0,0.5,0.0,0.5,0.5,0.0,1.072274643056878,1.072274643056878,optimal,4.509995051193982e-06,False,0.02,0,False
212,4.24,2.4699999999999913,1.5,1.1800000000000086,0.5102248425613931,0.35708807001998155,0.0015037151402038252,-0.3774175359079051,0.5,0.0,0.5,0.0,0.5,0.5,0.0,1.0720160676300468,1.0720160676300468,optimal,4.5869965106248856e-06,False,0.02,0,False
213,4.26,2.479999999999991,1.5,1.1700000000000088,0.50677742592498,0.3571026275824325,0.0008992189118354082,-0.37926965606305096,0.5,0.0,0.5,0.0,0.5,0.5,0.0,1.0717574922032151,1.0717574922032151,optimal,4.592002369463444e-06,False,0.02,0,False
214,4.28,2.489999999999991,1.5,1.160000000000009,0.5041475550747055,0.3571060812456367,0.0008945327193209517,-0.3806552461315348,0.5,0.0,0.5,0.0,0.5,0.5,0.0,1.0717655100965704,1.0717655100965704,optimal,4.661000275518745e-06,False,0.02,0,False
215,4.3,2.4999999999999907,1.5,1.1500000000000092,0.5016098020594896,0.3571082837652637,0.0009574307561991465,-0.38198826942968994,0.5,0.0,0.5,0.0,0.5,0.5,0.0,1.0718035666738908,1.0718035666738908,optimal,4.627996531780809e-06,False,0.02,0,False
216,4.32,2.5099999999999905,1.5,1.1400000000000095,0.4990720490442737,0.3571104862848907,0.0010203287930773417,-0.3833212927278451,0.5,0.0,0.5,0.0,0.5,0.5,0.0,1.071841623251211,1.071841623251211,optimal,4.560999514069408e-06,False,0.02,0,False
217,4.34,2.5199999999999902,1.5,1.1300000000000097,0.49653429602905785,0.35711268880451785,0.0010832268299555364,-0.38465431602600025,0.5,0.0,0.5,0.0,0.5,0.5,0.0,1.0718796798285315,1.0718796798285315,optimal,4.480003553908318e-06,False,0.02,0,False
218,4.36,2.52999999999999,1.5,1.1200000000000099,0.4939965430138421,0.35711489132414487,0.0011461248668337292,-0.3859873393241554,0.5,0.0,0.5,0.0,0.5,0.5,0.0,1.0719177364058514,1.0719177364058514,optimal,4.653003998100758e-06,False,0.02,0,False
219,4.38,2.53999999999999,1.5,1.11000000000001,0.49227965498339543,0.35713273706709436,0.0016412141226064482,-0.38669414274132846,0.5,0.0,0.5,0.0,0.5,0.5,0.0,1.0722188182625862,1.0722188182625862,optimal,4.754998371936381e-06,False,0.02,0,False
220,4.4,2.5499999999999896,1.5,1.1000000000000103,0.4907244524802529,0.35715366405100124,0.002221431951798407,-0.3872775998183073,0.49999999999999994,0.0,0.49999999999999994,0.0,0.49999999999999994,0.49999999999999994,0.0,1.072571708128903,1.072571708128903,optimal,4.720001015812159e-06,False,0.02,0,False
221,4.42,2.5599999999999894,1.5,1.0900000000000105,0.48916924997711053,0.35717459103490823,0.0028016497809903447,-0.38786105689528605,0.5,0.0,0.5,0.0,0.5,0.5,0.0,1.0729245979952198,1.0729245979952198,optimal,4.702000296674669e-06,False,0.02,0,False
222,4.44,2.569999999999989,1.5,1.0800000000000107,0.4876140474739681,0.3571955180188151,0.0033818676101823033,-0.38844451397226476,0.5,0.0,0.5,0.0,0.5,0.5,0.0,1.0732774878615365,1.0732774878615365,optimal,4.783993063028902e-06,False,0.02,0,False
223,4.46,2.579999999999989,1.5,1.070000000000011,0.48605884497082563,0.3572164450027221,0.0039620854393742615,-0.3890279710492436,0.49999999999999994,0.0,0.49999999999999994,0.0,0.49999999999999994,0.49999999999999994,0.0,1.0736303777278535,1.0736303777278535,optimal,4.797002475243062e-06,False,0.02,0,False
224,4.48,2.5899999999999888,1.5,1.0600000000000112,0.48529981377809445,0.3572682825950701,0.004764455110755962,-0.3888949315307913,0.5,0.0,0.5,0.0,0.5,0.5,0.0,1.0741870753405882,1.0741870753405882,optimal,4.664994776248932e-06,False,0.02,0,False
225,4.5,2.5999999999999885,1.5,1.0500000000000114,0.4847757183818795,0.35732924135056465,0.005632377784751475,-0.38855046678745647,0.5,0.0,0.5,0.0,0.5,0.5,0.0,1.0748039129440696,1.0748039129440696,optimal,4.5870037865825e-06,False,0.02,0,False
226,4.5200000000000005,2.6099999999999883,1.5,1.0400000000000116,0.4842516229856646,0.35739020010605926,0.006500300458746987,-0.3882060020441216,0.49999999999999994,0.0,0.49999999999999994,0.0,0.49999999999999994,0.49999999999999994,0.0,1.0754207505475513,1.0754207505475513,optimal,4.435998562257737e-06,False,0.02,0,False
227,4.54,2.619999999999988,1.5,1.0300000000000118,0.4837275275894497,0.3574511588615539,0.007368223132742468,-0.3878615373007867,0.5,0.0,0.5,0.0,0.5,0.5,0.0,1.076037588151033,1.076037588151033,optimal,4.578003427013755e-06,False,0.02,0,False
228,4.5600000000000005,2.629999999999988,1.5,1.020000000000012,0.4832034321932348,0.3575121176170485,0.00823614580673798,-0.3875170725574518,0.5,0.0,0.5,0.0,0.5,0.5,0.0,1.0766544257545145,1.0766544257545145,optimal,4.608999006450176e-06,False,0.02,0,False
229,4.58,2.6399999999999877,1.5,1.0100000000000122,0.48342235811823464,0.35760700183327787,0.009107042296762895,-0.38645502941354076,0.5,0.0,0.5,0.0,0.5,0.5,0.0,1.077374526648215,1.077374526648215,optimal,4.517998604569584e-06,False,0.02,0,False
230,4.6000000000000005,2.6499999999999875,1.5,1.0000000000000124,0.4839464535144496,0.35771581972088057,0.009979160175514179,-0.3850982665693912,0.5,0.0,0.5,0.0,0.5,0.5,0.0,1.0781370392503988,1.0781370392503988,optimal,4.598994564730674e-06,False,0.02,0,False
231,4.62,2.6599999999999873,1.5,0.9900000000000126,0.4844705489106645,0.35782463760848326,0.010851278054265428,-0.38374150372524174,0.5,0.0,0.5,0.0,0.5,0.5,0.0,1.0788995518525826,1.0788995518525826,optimal,4.550005542114377e-06,False,0.02,0,False
232,4.64,2.669999999999987,1.5,0.9800000000000129,0.4849946443068794,0.3579334554960859,0.011723395933016714,-0.38238474088109226,0.5,0.0,0.5,0.0,0.5,0.5,0.0,1.079662064454766,1.079662064454766,optimal,4.620000254362822e-06,False,0.02,0,False
233,4.66,2.679999999999987,1.5,0.9700000000000131,0.48551873970309434,0.3580422733836886,0.012595513811767996,-0.38102797803694277,0.5,0.0,0.5,0.0,0.5,0.5,0.0,1.0804245770569498,1.0804245770569498,optimal,4.460998752620071e-06,False,0.02,0,False
234,4.68,2.6899999999999866,1.5,0.9600000000000133,0.48670848652276744,0.35817720882477094,0.013283265523170109,-0.379038931687775,0.5,0.0,0.5,0.0,0.5,0.5,0.0,1.0811732592358978,1.0811732592358978,optimal,4.592999175656587e-06,False,0.02,0,False
235,4.7,2.6999999999999864,1.5,0.9500000000000135,0.4882636890259099,0.35832648331482264,0.013869796593674098,-0.3767027492966345,0.5,0.0,0.5,0.0,0.5,0.5,0.0,1.081914348241305,1.081914348241305,optimal,4.540997906588018e-06,False,0.02,0,False
236,4.72,2.709999999999986,1.5,0.9400000000000137,0.48981889152905234,0.3584757578048744,0.014456327664178082,-0.37436656690549397,0.5,0.0,0.5,0.0,0.5,0.5,0.0,1.0826554372467123,1.0826554372467123,optimal,4.659996193367988e-06,False,0.02,0,False
237,4.74,2.719999999999986,1.5,0.9300000000000139,0.49137409403219473,0.35862503229492604,0.015042858734682049,-0.3720303845143535,0.5,0.0,0.5,0.0,0.5,0.5,0.0,1.0833965262521192,1.0833965262521192,optimal,4.551999154500663e-06,False,0.02,0,False
238,4.76,2.7299999999999858,1.5,0.9200000000000141,0.49292929653533724,0.35877430678497774,0.015629389805186036,-0.3696942021232129,0.5,0.0,0.5,0.0,0.5,0.5,0.0,1.0841376152575262,1.0841376152575262,optimal,4.511006409302354e-06,False,0.02,0,False
239,4.78,2.7399999999999856,1.5,0.9100000000000144,0.4950566170581665,0.3589346090174818,0.015905659889977247,-0.3668641574294811,0.5,0.0,0.5,0.0,0.5,0.5,0.0,1.084756656997434,1.084756656997434,optimal,4.492001608014107e-06,False,0.02,0,False
240,4.8,2.7499999999999853,1.5,0.9000000000000146,0.49759437007338236,0.35910282245652797,0.015959351441538424,-0.36367982021432305,0.5,0.0,0.5,0.0,0.5,0.5,0.0,1.0852881430903532,1.0852881430903532,optimal,4.551999154500663e-06,False,0.02,0,False
241,4.82,2.759999999999985,1.5,0.8900000000000148,0.5001321230885982,0.3592710358955741,0.0160130429930996,-0.3604954829991649,0.5,0.0,0.5,0.0,0.5,0.5,0.0,1.085819629183272,1.085819629183272,optimal,4.640998668037355e-06,False,0.02,0,False
242,4.84,2.769999999999985,1.5,0.880000000000015,0.5026698761038142,0.35943924933462024,0.01606673454466078,-0.35731114578400675,0.5,0.0,0.5,0.0,0.5,0.5,0.0,1.086351115276191,1.086351115276191,optimal,4.474000888876617e-06,False,0.02,0,False
243,4.86,2.7799999999999847,1.5,0.8700000000000152,0.5052076291190299,0.35960746277366634,0.01612042609622196,-0.3541268085688487,0.5,0.0,0.5,0.0,0.5,0.5,0.0,1.08688260136911,1.08688260136911,optimal,4.5859997044317424e-06,False,0.02,0,False
244,4.88,2.7899999999999845,1.5,0.8600000000000154,0.5082174860389164,0.35976866893393006,0.015806236471228273,-0.35060123535353116,0.5,0.0,0.5,0.0,0.5,0.5,0.0,1.0872091250374043,1.0872091250374043,optimal,4.715999239124358e-06,False,0.02,0,False
245,4.9,2.7999999999999843,1.5,0.8500000000000156,0.5116649026753295,0.3599233805431272,0.015151083804547475,-0.34675939462586863,0.5,0.0,0.5,0.0,0.5,0.5,0.0,1.0873456835316555,1.0873456835316555,optimal,4.6489949454553425e-06,False,0.02,0,False
246,4.92,2.809999999999984,1.5,0.8400000000000158,0.5151123193117425,0.36007809215232434,0.014495931137866678,-0.3429175538982061,0.5,0.0,0.5,0.0,0.5,0.5,0.0,1.0874822420259063,1.0874822420259063,optimal,4.6819986891932786e-06,False,0.02,0,False
247,4.94,2.819999999999984,1.5,0.8300000000000161,0.5185597359481555,0.36023280376152145,0.013840778471185906,-0.3390757131705438,0.5,0.0,0.5,0.0,0.5,0.5,0.0,1.0876188005201572,1.0876188005201572,optimal,5.02200418850407e-06,False,0.02,0,False
248,4.96,2.8299999999999836,1.5,0.8200000000000163,0.5220071525845684,0.36038751537071856,0.013185625804505108,-0.3352338724428813,0.5,0.0,0.5,0.0,0.5,0.5,0.0,1.0877553590144082,1.0877553590144082,optimal,4.866000381298363e-06,False,0.02,0,False
249,4.98,2.8399999999999834,1.5,0.8100000000000165,0.5258290450684511,0.3605181467421472,0.012162678447846062,-0.33118827115236843,0.5,0.0,0.5,0.0,0.5,0.5,0.0,1.0876357794503646,1.0876357794503646,optimal,4.911998985335231e-06,False,0.02,0,False
250,5.0,2.849999999999983,1.5,0.8000000000000167,0.5300982281479248,0.3606200156073523,0.01070042076704349,-0.32689928918956074,0.5,0.0,0.5,0.0,0.5,0.5,0.0,1.0872102572055786,1.0872102572055786,optimal,4.650995833799243e-06,False,0.02,0,False
251,5.0200000000000005,2.859999999999983,1.5,0.7900000000000169,0.534367411227399,0.3607218844725573,0.009238163086240864,-0.3226103072267529,0.5,0.0,0.5,0.0,0.5,0.5,0.0,1.0867847349607924,1.0867847349607924,optimal,4.584995622280985e-06,False,0.02,0,False
252,5.04,2.869999999999983,1.5,0.7800000000000171,0.5386365943068729,0.3608237533377624,0.007775905405438237,-0.31832132526394497,0.5,0.0,0.5,0.0,0.5,0.5,0.0,1.0863592127160064,1.0863592127160064,optimal,4.4769985834136605e-06,False,0.02,0,False
253,5.0600000000000005,2.8799999999999826,1.5,0.7700000000000173,0.5429057773863468,0.36092562220296737,0.006313647724635664,-0.3140323433011373,0.5,0.0,0.5,0.0,0.5,0.5,0.0,1.08593369047122,1.08593369047122,optimal,4.56900306744501e-06,False,0.02,0,False
254,5.08,2.8899999999999824,1.5,0.7600000000000176,0.5473846355086971,0.36099012077097625,0.004523021708091928,-0.3096462058950268,0.5,0.0,0.5,0.0,0.5,0.5,0.0,1.0852318731669748,1.0852318731669748,optimal,4.563000402413309e-06,False,0.02,0,False
255,5.1000000000000005,2.899999999999982,1.5,0.7500000000000178,0.5521881517619552,0.3609967556530035,0.002223954397493696,-0.30510963425412396,0.49999999999999994,0.0,0.49999999999999994,0.0,0.49999999999999994,0.49999999999999994,0.0,1.0841022441577575,1.0841022441577575,optimal,4.702997102867812e-06,False,0.02,0,False
256,5.12,2.909999999999982,1.5,0.740000000000018,0.556991668015213,0.3610033905350307,-7.511291310445469e-05,-0.3005730626132214,0.49999999999999994,0.0,0.49999999999999994,0.0,0.49999999999999994,0.49999999999999994,0.0,1.08297261514854,1.08297261514854,optimal,4.635003278963268e-06,False,0.02,0,False
257,5.14,2.9199999999999817,1.5,0.7300000000000182,0.5617951842684711,0.36101002541705796,-0.0023741802237026875,-0.29603649097231866,0.49999999999999994,0.0,0.49999999999999994,0.0,0.49999999999999994,0.49999999999999994,0.0,1.0818429861393224,1.0818429861393224,optimal,4.826004442293197e-06,False,0.02,0,False
258,5.16,2.9299999999999815,1.5,0.7200000000000184,0.566598700521729,0.3610166602990852,-0.00467324753430092,-0.29149991933141595,0.5,0.0,0.5,0.0,0.5,0.5,0.0,1.080713357130105,1.080713357130105,optimal,4.3909967644140124e-06,False,0.02,0,False
259,5.18,2.9399999999999813,1.5,0.7100000000000186,0.5711966915418691,0.360978014713374,-0.007240509832459957,-0.2869379158328854,0.5,0.0,0.5,0.0,0.5,0.5,0.0,1.079313789223892,1.079313789223892,optimal,4.728994099423289e-06,False,0.02,0,False
260,5.2,2.949999999999981,1.5,0.7000000000000188,0.5753757272791118,0.3608470666357336,-0.010354477297574768,-0.28232407047072827,0.5,0.0,0.5,0.0,0.5,0.5,0.0,1.0773639612584136,1.0773639612584136,optimal,4.72800456918776e-06,False,0.02,0,False
261,5.22,2.959999999999981,1.5,0.690000000000019,0.5795547630163544,0.36071611855809327,-0.013468444762689578,-0.277710225108571,0.5,0.0,0.5,0.0,0.5,0.5,0.0,1.0754141332929352,1.0754141332929352,optimal,4.675996024161577e-06,False,0.02,0,False
262,5.24,2.9699999999999807,1.5,0.6800000000000193,0.5837337987535971,0.36058517048045297,-0.016582412227804388,-0.2730963797464139,0.5,0.0,0.5,0.0,0.5,0.5,0.0,1.0734643053274566,1.0734643053274566,optimal,4.656001692637801e-06,False,0.02,0,False
263,5.26,2.9799999999999804,1.5,0.6700000000000195,0.5879128344908398,0.36045422240281255,-0.019696379692919087,-0.2684825343842568,0.5,0.0,0.5,0.0,0.5,0.5,0.0,1.0715144773619782,1.0715144773619782,optimal,4.711000656243414e-06,False,0.02,0,False
264,5.28,2.9899999999999802,1.5,0.6600000000000197,0.5922109656999792,0.36027602285841237,-0.02301229877320461,-0.26388362183761727,0.5,0.0,0.5,0.0,0.5,0.5,0.0,1.069321919188635,1.069321919188635,optimal,5.107001925352961e-06,False,0.02,0,False
265,5.3,2.99999999999998,1.5,0.6500000000000199,0.5968380272600751,0.3599673192629596,-0.026885988981110102,-0.25932595230526506,0.5,0.0,0.5,0.0,0.5,0.5,0.0,1.066458963298324,1.066458963298324,optimal,4.775996785610914e-06,False,0.02,0,False
266,5.32,3.00999999999998,1.5,0.6400000000000201,0.6014650888201709,0.35965861566750684,-0.030759679189015454,-0.2547682827729131,0.5,0.0,0.5,0.0,0.5,0.5,0.0,1.0635960074080129,1.0635960074080129,optimal,4.653003998100758e-06,False,0.02,0,False
267,5.34,3.0199999999999796,1.5,0.6300000000000203,0.6060921503802668,0.35934991207205413,-0.034633369396920945,-0.25021061324056093,0.5,0.0,0.5,0.0,0.5,0.5,0.0,1.0607330515177018,1.0607330515177018,optimal,4.6389977796934545e-06,False,0.02,0,False
268,5.36,3.0299999999999794,1.5,0.6200000000000205,0.6107192119403627,0.35904120847660137,-0.03850705960482644,-0.24565294370820873,0.5,0.0,0.5,0.0,0.5,0.5,0.0,1.057870095627391,1.057870095627391,optimal,4.5769993448629975e-06,False,0.02,0,False
269,5.38,3.039999999999979,1.5,0.6100000000000207,0.615472320370077,0.3586890584187077,-0.042519928302743475,-0.24112620960464387,0.5,0.0,0.5,0.0,0.5,0.5,0.0,1.0548072111047513,1.0548072111047513,optimal,4.5870037865825e-06,False,0.02,0,False
270,5.4,3.049999999999979,1.5,0.600000000000021,0.6207217383489213,0.35816583791495027,-0.047080812305088725,-0.23672128375192963,0.5,0.0,0.5,0.0,0.5,0.5,0.0,1.0509571075923063,1.0509571075923063,optimal,4.462999640963972e-06,False,0.02,0,False
271,5.42,3.0599999999999787,1.5,0.5900000000000212,0.6259711563277655,0.3576426174111929,-0.05164169630743397,-0.2323163578992154,0.5,0.0,0.5,0.0,0.5,0.5,0.0,1.0471070040798618,1.0471070040798618,optimal,4.665002052206546e-06,False,0.02,0,False
272,5.44,3.0699999999999785,1.5,0.5800000000000214,0.6312205743066095,0.35711939690743555,-0.05620258030977905,-0.22791143204650133,0.5,0.0,0.5,0.0,0.5,0.5,0.0,1.043256900567417,1.043256900567417,optimal,4.656001692637801e-06,False,0.02,0,False
273,5.46,3.0799999999999783,1.5,0.5700000000000216,0.6364699922854538,0.3565961764036782,-0.0607634643121243,-0.2235065061937871,0.5,0.0,0.5,0.0,0.5,0.5,0.0,1.0394067970549723,1.0394067970549723,optimal,4.5769993448629975e-06,False,0.02,0,False
274,5.48,3.089999999999978,1.5,0.5600000000000218,0.6417957337688187,0.3560385154899086,-0.06540917980392508,-0.21913175799590692,0.5,0.0,0.5,0.0,0.5,0.5,0.0,1.0354109565677634,1.0354109565677634,optimal,4.528003046289086e-06,False,0.02,0,False
275,5.5,3.099999999999978,1.5,0.550000000000022,0.6475932932801381,0.3552679502233323,-0.07057930813964199,-0.2149435625733679,0.49999999999999994,0.0,0.49999999999999994,0.0,0.49999999999999994,0.49999999999999994,0.0,1.0305141966001758,1.0305141966001758,optimal,4.608999006450176e-06,False,0.02,0,False
276,5.5200000000000005,3.1099999999999777,1.5,0.5400000000000222,0.653390852791458,0.354497384956756,-0.07574943647535909,-0.21075536715082874,0.5,0.0,0.5,0.0,0.5,0.5,0.0,1.0256174366325883,1.0256174366325883,optimal,4.6770001063123345e-06,False,0.02,0,False
277,5.54,3.1199999999999775,1.5,0.5300000000000225,0.6591884123027777,0.35372681969017966,-0.08091956481107618,-0.2065671717282896,0.5,0.0,0.5,0.0,0.5,0.5,0.0,1.0207206766650008,1.0207206766650008,optimal,4.572997568175197e-06,False,0.02,0,False
278,5.5600000000000005,3.1299999999999772,1.5,0.5200000000000227,0.6649859718140974,0.35295625442360334,-0.08608969314679327,-0.2023789763057504,0.5,0.0,0.5,0.0,0.5,0.5,0.0,1.0158239166974135,1.0158239166974135,optimal,4.563000402413309e-06,False,0.02,0,False
279,5.58,3.139999999999977,1.5,0.5100000000000229,0.6708199322987357,0.35216471098966057,-0.0913003614412437,-0.19821008766470674,0.5,0.0,0.5,0.0,0.5,0.5,0.0,1.0108439522483599,1.0108439522483599,optimal,4.57100395578891e-06,False,0.02,0,False
280,5.6000000000000005,3.149999999999977,1.5,0.5000000000000231,0.6770967712921006,0.3511179331860838,-0.09700426590030153,-0.19427609819853048,0.5,0.0,0.5,0.0,0.5,0.5,0.0,1.0048516666081007,1.0048516666081007,optimal,4.550995072349906e-06,False,0.02,0,False
281,5.62,3.1599999999999766,1.5,0.4900000000000233,0.6833736102854655,0.350071155382507,-0.10270817035935936,-0.19034210873235424,0.5,0.0,0.5,0.0,0.5,0.5,0.0,0.9988593809678412,0.9988593809678412,optimal,4.75299748359248e-06,False,0.02,0,False
282,5.64,3.1699999999999764,1.5,0.4800000000000235,0.68965044927883,0.34902437757893023,-0.10841207481841698,-0.18640811926617812,0.5,0.0,0.5,0.0,0.5,0.5,0.0,0.9928670953275821,0.9928670953275821,optimal,4.636000085156411e-06,False,0.02,0,False
283,5.66,3.179999999999976,1.5,0.47000000000002373,0.695927288272195,0.34797759977535336,-0.11411597927747481,-0.18247412980000186,0.5,0.0,0.5,0.0,0.5,0.5,0.0,0.9868748096873227,0.9868748096873227,optimal,4.70600207336247e-06,False,0.02,0,False
284,5.68,3.189999999999976,1.5,0.46000000000002395,0.7022094074875702,0.34692700680669963,-0.11982577434770023,-0.17854357575764804,0.5,0.0,0.5,0.0,0.5,0.5,0.0,0.9808681332462488,0.9808681332462488,optimal,4.551999154500663e-06,False,0.02,0,False
285,5.7,3.1999999999999758,1.5,0.45000000000002416,0.7089033840198423,0.3455788309619909,-0.12599503708908566,-0.17488098477349448,0.5,0.0,0.5,0.0,0.5,0.5,0.0,0.9737389743414298,0.9737389743414298,optimal,5.878006049897522e-06,False,0.02,0,False
286,5.72,3.2099999999999755,1.5,0.44000000000002437,0.7155973605521148,0.3442306551172822,-0.13216429983047132,-0.17121839378934076,0.5,0.0,0.5,0.0,0.5,0.5,0.0,0.9666098154366108,0.9666098154366108,optimal,4.578003427013755e-06,False,0.02,0,False
287,5.74,3.2199999999999753,1.5,0.4300000000000246,0.7222913370843871,0.3428824792725734,-0.13833356257185694,-0.16755580280518703,0.5,0.0,0.5,0.0,0.5,0.5,0.0,0.9594806565317917,0.9594806565317917,optimal,4.677996912505478e-06,False,0.02,0,False
288,5.76,3.229999999999975,1.5,0.4200000000000248,0.7289853136166591,0.3415343034278647,-0.14450282531324238,-0.16389321182103347,0.5,0.0,0.5,0.0,0.5,0.5,0.0,0.9523514976269729,0.9523514976269729,optimal,4.729998181574047e-06,False,0.02,0,False
289,5.78,3.239999999999975,1.5,0.410000000000025,0.7356792901489315,0.340186127583156,-0.150672088054628,-0.16023062083687978,0.5,0.0,0.5,0.0,0.5,0.5,0.0,0.945222338722154,0.945222338722154,optimal,4.8720030463300645e-06,False,0.02,0,False
290,5.8,3.2499999999999747,1.5,0.4000000000000252,0.7427170894842838,0.33853098582735613,-0.15722691648319734,-0.15682801896668697,0.5,0.0,0.5,0.0,0.5,0.5,0.0,0.9369794992404696,0.9369794992404696,optimal,4.642999556381255e-06,False,0.02,0,False
291,5.82,3.2599999999999745,1.5,0.39000000000002544,0.7497732260358013,0.3368594725562973,-0.16380230841508397,-0.15343928318257294,0.4875000000000318,0.0,0.4875000000000318,0.0,0.4875000000000318,0.4875000000000318,0.0,0.9307247923165333,0.9307247923165333,optimal,4.601002729032189e-06,False,0.02,0,False
292,5.84,3.2697499999999753,1.5,0.3802500000000246,0.7566529591735319,0.33522974711701464,-0.17021331554867444,-0.1501352657930612,0.4753125000000308,0.0,0.4753125000000308,0.0,0.4753125000000308,0.4753125000000308,0.0,0.9247847248043093,0.9247847248043093,optimal,4.558998625725508e-06,False,0.02,0,False
293,5.86,3.279256249999976,1.5,0.3707437500000239,0.7633606989828186,0.3336407648137142,-0.17646404750392464,-0.14691384883828756,0.4634296875000299,0.0,0.4634296875000299,0.0,0.4634296875000299,0.4634296875000299,0.0,0.9191436160514085,0.9191436160514085,optimal,4.606998118106276e-06,False,0.02,0,False
294,5.88,3.288524843749977,1.5,0.36147515625002313,0.7699007452968736,0.3320915070679962,-0.18255851116029392,-0.14377296730738304,0.4518439453125289,0.0,0.4518439453125289,0.0,0.4518439453125289,0.4518439453125289,0.0,0.91378656327094,0.91378656327094,optimal,4.613000783137977e-06,False,0.02,0,False
295,5.9,3.2975617226562273,1.5,0.35243827734377264,0.7764790770029627,0.3303609946654048,-0.18872965267009195,-0.14088152282267868,0.4405478466797158,0.0,0.4405478466797158,0.0,0.4405478466797158,0.4405478466797158,0.0,0.9079385419077948,0.9079385419077948,optimal,4.583998816087842e-06,False,0.02,0,False
296,5.92,3.3063726795898214,1.5,0.3436273204101785,0.7829730380424845,0.3285864341764282,-0.19483741974565089,-0.13813019938386223,0.42953415051272315,0.0,0.42953415051272315,0.0,0.42953415051272315,0.42953415051272315,0.0,0.9020699769507455,0.9020699769507455,optimal,4.580004315357655e-06,False,0.02,0,False
297,5.94,3.314963362600076,1.5,0.33503663739992406,0.7893046500560184,0.326856237699676,-0.20079249264432092,-0.13544765903101616,0.4187957967499051,0.0,0.4187957967499051,0.0,0.4187957967499051,0.4187957967499051,0.0,0.8964776611606501,0.8964776611606501,optimal,4.6389977796934545e-06,False,0.02,0,False
298,5.96,3.323339278535074,1.5,0.326660721464926,0.7954779717692138,0.32516929613484263,-0.20659868872052414,-0.1328321821869913,0.40832590183115747,0.0,0.40832590183115747,0.0,0.40832590183115747,0.40832590183115747,0.0,0.8911482925155852,0.8911482925155852,optimal,4.544002877082676e-06,False,0.02,0,False
299,5.98,3.331505796571697,1.5,0.3184942034283029,0.8014969604395794,0.32352452810913007,-0.2122597298948224,-0.130282092264067,0.39811775428537866,0.0,0.39811775428537866,0.0,0.39811775428537866,0.39811775428537866,0.0,0.8860692173364424,0.8860692173364424,optimal,4.5859997044317424e-06,False,0.02,0,False
300,6.0,3.3394681516574045,1.5,0.3105318483425954,0.8073654743931857,0.3219208792840604,-0.2177792450397631,-0.12779575458921585,0.38816481042824424,0.0,0.38816481042824424,0.0,0.38816481042824424,0.38816481042824424,0.0,0.8812283984861153,0.8812283984861153,optimal,4.638000973500311e-06,False,0.02,0,False
301,6.0200000000000005,3.3472314478659695,1.5,0.3027685521340304,0.8132361586602725,0.32016108674897026,-0.22333350701574373,-0.12550898914922093,0.378460690167538,0.0,0.378460690167538,0.0,0.378460690167538,0.378460690167538,0.0,0.8759603070441957,0.8759603070441957,optimal,4.606998118106276e-06,False,0.02,0,False
302,6.04,3.3548006616693202,1.5,0.2951993383306797,0.8190213385133212,0.318364541949791,-0.2288199896095564,-0.12333593610258872,0.3689991729133496,0.0,0.3689991729133496,0.0,0.3689991729133496,0.3689991729133496,0.0,0.8706592389374055,0.8706592389374055,optimal,4.608002200257033e-06,False,0.02,0,False
303,6.0600000000000005,3.3621806451275873,1.5,0.2878193548724126,0.8246618888700437,0.3166129107705912,-0.23416931013852377,-0.1212172093821223,0.35977419359051577,0.0,0.35977419359051577,0.0,0.35977419359051577,0.35977419359051577,0.0,0.8655906575930389,0.8655906575930389,optimal,4.567998985294253e-06,False,0.02,0,False
304,6.08,3.3693761289993978,1.5,0.28062387100060215,0.830161425467848,0.31490507037087145,-0.23938489765426696,-0.1191514508296675,0.3507798387507527,0.0,0.3507798387507527,0.0,0.3507798387507527,0.3507798387507527,0.0,0.8607438153140852,0.8607438153140852,optimal,4.6539935283362865e-06,False,0.02,0,False
305,6.1000000000000005,3.376391725774413,1.5,0.273608274225587,0.8355234736507073,0.3132399259811447,-0.24447009548211668,-0.11713733624102408,0.3420103427819837,0.0,0.3420103427819837,0.0,0.3420103427819837,0.3420103427819837,0.0,0.8561084767876511,0.8561084767876511,optimal,4.6290006139315665e-06,False,0.02,0,False
306,6.12,3.3832319326300526,1.5,0.2667680673699473,0.8407514706289956,0.311616410201161,-0.2494281633642703,-0.11517357451709664,0.3334600842124341,0.0,0.3334600842124341,0.0,0.3334600842124341,0.3334600842124341,0.0,0.8516748942430806,0.8516748942430806,optimal,4.573004844132811e-06,False,0.02,0,False
307,6.140000000000001,3.3899011343143015,1.5,0.2600988656856984,0.8458487676828262,0.3100334823156769,-0.25426227954937,-0.11325890683626746,0.325123582107123,0.0,0.325123582107123,0.0,0.325123582107123,0.325123582107123,0.0,0.8474337838252168,0.8474337838252168,optimal,4.652996722143143e-06,False,0.02,0,False
308,6.16,3.396403605956444,1.5,0.25359639404355594,0.850913426171265,0.3083403558006814,-0.25908931731532037,-0.11148535691015077,0.3169954925544449,0.0,0.3169954925544449,0.0,0.3169954925544449,0.3169954925544449,0.0,0.8428909216440794,0.8428909216440794,optimal,4.66799974674359e-06,False,0.02,0,False
309,6.18,3.4027435158075328,1.5,0.24725648419246715,0.8559093450759595,0.3065981134908873,-0.263865144733337,-0.10981308064725517,0.30907060524058394,0.0,0.30907060524058394,0.0,0.30907060524058394,0.30907060524058394,0.0,0.8382413804880351,0.8382413804880351,optimal,4.663001163862646e-06,False,0.02,0,False
310,6.2,3.4089249279123446,1.5,0.24107507208765533,0.8607803660080369,0.304899427238838,-0.2685215764659033,-0.1081826112909319,0.30134384010956916,0.0,0.30134384010956916,0.0,0.30134384010956916,0.30134384010956916,0.0,0.8337809587120034,0.8337809587120034,optimal,4.487999831326306e-06,False,0.02,0,False
311,6.22,3.414951804714536,1.5,0.23504819528546372,0.8655296114168128,0.3032432081430897,-0.273061597405156,-0.10659290366851656,0.29381024410682965,0.0,0.29381024410682965,0.0,0.29381024410682965,0.29381024410682965,0.0,0.8295013298394593,0.8295013298394593,optimal,4.504996468313038e-06,False,0.02,0,False
312,6.24,3.420828009596673,1.5,0.22917199040332692,0.8701601256903686,0.30162839452473544,-0.27748811782092664,-0.10504293873666185,0.28646498800415865,0.0,0.28646498800415865,0.0,0.28646498800415865,0.28646498800415865,0.0,0.825394553231338,0.825394553231338,optimal,4.55100234830752e-06,False,0.02,0,False
313,6.26,3.426557309356756,1.5,0.22344269064324385,0.8746748771070862,0.30005395124683976,-0.2818039752263037,-0.10353172292810328,0.2793033633040548,0.0,0.2793033633040548,0.0,0.2793033633040548,0.2793033633040548,0.0,0.8214530556673602,0.8214530556673602,optimal,4.584995622280985e-06,False,0.02,0,False
314,6.28,3.4321433766228373,1.5,0.2178566233771626,0.8790767597383855,0.29851886905089164,-0.2860119361965458,-0.10205828751475882,0.27232077922145326,0.0,0.27232077922145326,0.0,0.27232077922145326,0.27232077922145326,0.0,0.817669613820995,0.817669613820995,optimal,4.463996447157115e-06,False,0.02,0,False
315,6.3,3.4375897922072665,1.5,0.21241020779273345,0.8833685953039021,0.29702216390984226,-0.2901146981425319,-0.10062168798674798,0.2655127597409168,0.0,0.2655127597409168,0.0,0.2655127597409168,0.2655127597409168,0.0,0.8140373375843001,0.8140373375843001,optimal,4.51099913334474e-06,False,0.02,0,False
316,6.32,3.4429000474020848,1.5,0.20709995259791514,0.887553134980281,0.29556287639731904,-0.2941148910398683,-0.0992210034469374,0.2588749407473939,0.0,0.2588749407473939,0.0,0.2588749407473939,0.2588749407473939,0.0,0.810549654201085,0.810549654201085,optimal,4.751003871206194e-06,False,0.02,0,False
317,6.34,3.4480775462170326,1.5,0.20192245378296736,0.8917371476935048,0.29394440207336653,-0.29814604438600567,-0.09796242126346218,0.2524030672287092,0.0,0.2524030672287092,0.0,0.2524030672287092,0.2524030672287092,0.0,0.8065802301349648,0.8065802301349648,optimal,4.478002665564418e-06,False,0.02,0,False
318,6.36,3.453125607561607,1.5,0.1968743924383931,0.8958193375993584,0.292361168252755,-0.3020799136582357,-0.09673816116460837,0.24609299054799139,0.0,0.24609299054799139,0.0,0.24609299054799139,0.24609299054799139,0.0,0.8027437554216308,0.8027437554216308,optimal,4.54900145996362e-06,False,0.02,0,False
319,6.38,3.4580474673725665,1.5,0.1919525326274334,0.8997994727575656,0.2908175152776589,-0.30591543619865974,-0.095544507568226,0.23994066578429174,0.0,0.23994066578429174,0.0,0.23994066578429174,0.23994066578429174,0.0,0.7990509923977784,0.7990509923977784,optimal,4.6439963625743985e-06,False,0.02,0,False
320,6.4,3.4628462806882525,1.5,0.1871537193117474,0.9036801045368171,0.28931245362694025,-0.309655070675573,-0.09438069531175321,0.23394214913968425,0.0,0.23394214913968425,0.0,0.23394214913968425,0.23394214913968425,0.0,0.7954959881549764,0.7954959881549764,optimal,4.683999577537179e-06,False,0.02,0,False
321,6.42,3.467525123671046,1.5,0.18247487632895387,0.9074637205215881,0.28784501851748934,-0.3133012142905639,-0.0932459783616921,0.22809359541119234,0.0,0.22809359541119234,0.0,0.22809359541119234,0.22809359541119234,0.0,0.7920730551382409,0.7920730551382409,optimal,4.57599526271224e-06,False,0.02,0,False
322,6.44,3.4720869955792697,1.5,0.17791300442073021,0.9111527461067395,0.2864142692857749,-0.31685620431517963,-0.09213962933538267,0.22239125552591277,0.0,0.22239125552591277,0.0,0.22239125552591277,0.22239125552591277,0.0,0.7887767587584967,0.7887767587584967,optimal,4.526998964138329e-06,False,0.02,0,False
323,6.46,3.476534820689788,1.5,0.17346517931021177,0.9147495460522621,0.2850192887848532,-0.3203223195891803,-0.09106093903473085,0.2168314741377647,0.0,0.2168314741377647,0.0,0.2168314741377647,0.2168314741377647,0.0,0.7856019055988095,0.7856019055988095,optimal,4.665998858399689e-06,False,0.02,0,False
324,6.48,3.4808714501725433,1.5,0.16912854982745662,0.9182564259991466,0.28365918279645463,-0.3237017819813307,-0.0900092159915954,0.21141068728432078,0.0,0.21141068728432078,0.0,0.21141068728432078,0.21141068728432078,0.0,0.7825435321855314,0.7825435321855314,optimal,4.539993824437261e-06,False,0.02,0,False
325,6.5,3.4850996639182297,1.5,0.16490033608177024,0.9216756339473589,0.28233307945776603,-0.32699675781367726,-0.08898378602453837,0.2061254201022128,0.0,0.2061254201022128,0.0,0.2061254201022128,0.2061254201022128,0.0,0.7795968942968923,0.7795968942968923,optimal,4.675996024161577e-06,False,0.02,0,False
326,6.5200000000000005,3.489222172320274,1.5,0.16077782767972604,0.925009361696866,0.2810401287025446,-0.33020935925021533,-0.08798399180665772,0.20097228459965755,0.0,0.20097228459965755,0.0,0.20097228459965755,0.20097228459965755,0.0,0.776757456782929,0.776757456782929,optimal,4.597997758537531e-06,False,0.02,0,False
327,6.54,3.493241618012267,1.5,0.15675838198773295,0.928259746252635,0.27977950171620386,-0.3333416456508395,-0.08700919244422418,0.1959479774846662,0.0,0.1959479774846662,0.0,0.1959479774846662,0.1959479774846662,0.0,0.7740208838719193,0.7740208838719193,optimal,4.547997377812862e-06,False,0.02,0,False
328,6.5600000000000005,3.49716057756196,1.5,0.15283942243803983,0.9314918326916851,0.2784104948251807,-0.3364798029470934,-0.0861253466116167,0.1910492780475498,0.0,0.1910492780475498,0.0,0.1910492780475498,0.1910492780475498,0.0,0.7709472610449182,0.7709472610449182,optimal,4.558998625725508e-06,False,0.02,0,False
329,6.58,3.500981563122911,1.5,0.14901843687708904,0.9346506682607778,0.27705893472155774,-0.3395496022111993,-0.0852715826264636,0.1862730460963613,0.0,0.1862730460963613,0.0,0.1862730460963613,0.1862730460963613,0.0,0.7679278654599854,0.7679278654599854,optimal,4.616995283868164e-06,False,0.02,0,False
330,6.6000000000000005,3.504707024044838,1.5,0.145292975955162,0.937730532940644,0.2757411636205251,-0.3425426564937032,-0.08443916274093917,0.1816162199439525,0.0,0.1816162199439525,0.0,0.1816162199439525,0.1816162199439525,0.0,0.765012188419629,0.765012188419629,optimal,4.7240027924999595e-06,False,0.02,0,False
331,6.62,3.508339348443717,1.5,0.14166065155628305,0.9407334010035131,0.27445633679701836,-0.3454608844191442,-0.08362755335255294,0.1770758144453538,0.0,0.1770758144453538,0.0,0.1770758144453538,0.1770758144453538,0.0,0.762196242923523,0.762196242923523,optimal,4.622997948899865e-06,False,0.02,0,False
332,6.640000000000001,3.511880864732624,1.5,0.13811913526737607,0.9436611973648108,0.27320363064409914,-0.3483061566464495,-0.08283623419887629,0.1726489190842201,0.0,0.1726489190842201,0.0,0.1726489190842201,0.1726489190842201,0.0,0.7594762104769088,0.7594762104769088,optimal,4.7129942686297e-06,False,0.02,0,False
333,6.66,3.515333843114308,1.5,0.13466615688569172,0.9465157988170758,0.271982242145003,-0.351080297068072,-0.08206469802404157,0.16833269610711465,0.0,0.16833269610711465,0.0,0.16833269610711465,0.16833269610711465,0.0,0.7568484334794536,0.7568484334794536,optimal,4.727997293230146e-06,False,0.02,0,False
334,6.68,3.5187004970364506,1.5,0.1312995029635493,0.9492990352330346,0.2707913883583841,-0.3537850839791541,-0.08131245025357768,0.16412437870443664,0.0,0.16412437870443664,0.0,0.16412437870443664,0.16412437870443664,0.0,0.7543094079721767,0.7543094079721767,optimal,4.722998710349202e-06,False,0.02,0,False
335,6.7,3.5219829846105393,1.5,0.12801701538946064,0.952012690738594,0.2696303059164309,-0.35642225121745885,-0.08057900867737547,0.1600212692368258,0.0,0.1600212692368258,0.0,0.1600212692368258,0.1600212692368258,0.0,0.7518557767252281,0.7518557767252281,optimal,4.532994353212416e-06,False,0.02,0,False
336,6.72,3.5251834099952757,1.5,0.12481659000472423,0.9546585048565146,0.26849825053552645,-0.35899348927480623,-0.07986390314057827,0.15602073750590528,0.0,0.15602073750590528,0.0,0.15602073750590528,0.15602073750590528,0.0,0.7494843226501058,0.7494843226501058,optimal,4.563000402413309e-06,False,0.02,0,False
337,6.74,3.528303824745394,1.5,0.12169617525460596,0.9572381736214874,0.2673944965391445,-0.3615004463807201,-0.07916667524220093,0.15212021906825746,0.0,0.15212021906825746,0.0,0.15212021906825746,0.15212021906825746,0.0,0.7471919625207255,0.7471919625207255,optimal,4.5859997044317424e-06,False,0.02,0,False
338,6.76,3.531346229126759,1.5,0.11865377087324092,0.9597533506673355,0.2663183363926722,-0.3639447295589856,-0.07848687804128315,0.14831721359155114,0.0,0.14831721359155114,0.0,0.14831721359155114,0.14831721359155114,0.0,0.7449757409884973,0.7449757409884973,optimal,4.574001650325954e-06,False,0.02,0,False
339,6.78,3.53431257339859,1.5,0.11568742660141007,0.9622056482870374,0.26526908024986184,-0.3663279056577946,-0.07782407577038833,0.1446092832517626,0.0,0.1446092832517626,0.0,0.1446092832517626,0.1446092832517626,0.0,0.7428328248772925,0.7428328248772925,optimal,4.638000973500311e-06,False,0.02,0,False
340,6.8,3.5372047590636253,1.5,0.11279524093637461,0.9645966384662472,0.2642460555106214,-0.368651502354134,-0.07717784355626565,0.14099405117046826,0.0,0.14099405117046826,0.0,0.14099405117046826,0.14099405117046826,0.0,0.7407604977448755,0.7407604977448755,optimal,4.5240012696012855e-06,False,0.02,0,False
341,6.82,3.5400246400870348,1.5,0.10997535991296514,0.9669278538909767,0.26324860638986214,-0.3709170091330645,-0.0765477671474962,0.13746919989120643,0.0,0.13746919989120643,0.0,0.13746919989120643,0.13746919989120643,0.0,0.7387561546980247,0.7387561546980247,optimal,4.444998921826482e-06,False,0.02,0,False
342,6.84,3.542774024084859,1.5,0.10722597591514083,0.9692007889300879,0.2622760934971218,-0.37312587824252186,-0.07593344264894591,0.13403246989392603,0.0,0.13403246989392603,0.0,0.13403246989392603,0.13403246989392603,0.0,0.7368172974491798,0.7368172974491798,optimal,4.446999810170382e-06,False,0.02,0,False
343,6.86,3.5454546734827375,1.5,0.10454532651726245,0.9714350938175061,0.2612803976472343,-0.375305702779357,-0.0753539234291586,0.13068165814657806,0.0,0.13068165814657806,0.0,0.13068165814657806,0.13068165814657806,0.0,0.7347956213906298,0.7347956213906298,optimal,4.487999831326306e-06,False,0.02,0,False
344,6.88,3.548068306645669,1.5,0.10193169335433083,0.9736371194023625,0.2602480399219885,-0.37746495715328243,-0.07481409561151317,0.12741461669291354,0.0,0.12741461669291354,0.0,0.12741461669291354,0.12741461669291354,0.0,0.7326495669352731,0.7326495669352731,optimal,4.567998985294253e-06,False,0.02,0,False
345,6.9,3.5506165989795275,1.5,0.09938340102047238,0.975784094347598,0.2592414911398737,-0.37957023016786035,-0.07428776348930874,0.12422925127559048,0.0,0.12422925127559048,0.0,0.12422925127559048,0.12422925127559048,0.0,0.7305707479193643,0.7305707479193643,optimal,4.585002898238599e-06,False,0.02,0,False
346,6.92,3.5531011840050395,1.5,0.09689881599496042,0.9778773949192026,0.2582601060773118,-0.3816228713570737,-0.07377458967015946,0.12112351999370052,0.0,0.12112351999370052,0.0,0.12112351999370052,0.12112351999370052,0.0,0.7285568127430636,0.7285568127430636,optimal,4.647998139262199e-06,False,0.02,0,False
347,6.94,3.5555236544049134,1.5,0.09447634559508655,0.9799183629765169,0.25730325564131407,-0.38362419651655644,-0.07327424519648897,0.11809543199385819,0.0,0.11809543199385819,0.0,0.11809543199385819,0.11809543199385819,0.0,0.7266055017130227,0.7266055017130227,optimal,4.501998773775995e-06,False,0.02,0,False
348,6.96,3.5578855630447905,1.5,0.09211443695520938,0.9819083068323984,0.25637032646621616,-0.38557548854705226,-0.07278640933466017,0.11514304619401172,0.0,0.11514304619401172,0.0,0.11514304619401172,0.11514304619401172,0.0,0.7247146431095965,0.7247146431095965,optimal,4.4480038923211396e-06,False,0.02,0,False
349,6.98,3.560188423968671,1.5,0.08981157603132894,0.9838485020918835,0.25546072052049545,-0.3874779982767863,-0.07231076936937696,0.11226447003916118,0.0,0.11226447003916118,0.0,0.11226447003916118,0.11226447003916118,0.0,0.7228821494331079,0.7228821494331079,optimal,4.802001058124006e-06,False,0.02,0,False
350,7.0,3.562433713369454,1.5,0.08756628663054578,0.9857401924698803,0.25457385472341815,-0.3893329452632761,-0.07184702040322606,0.10945785828818222,0.0,0.10945785828818222,0.0,0.10945785828818222,0.10945785828818222,0.0,0.7211060138207062,0.7211060138207062,optimal,4.615998477675021e-06,False,0.02,0,False
351,7.0200000000000005,3.5646228705352176,1.5,0.08537712946478226,0.9875845905884278,0.2537091605712676,-0.39114151857510404,-0.07139486516122882,0.10672141183097783,0.0,0.10672141183097783,0.0,0.10672141183097783,0.10672141183097783,0.0,0.719384306625755,0.719384306625755,optimal,4.538000212050974e-06,False,0.02,0,False
352,7.04,3.566757298771837,1.5,0.08324270122816291,0.9893828787540115,0.2528660837729209,-0.39290487755413606,-0.07095401380028157,0.10405337653520363,0.0,0.10405337653520363,0.0,0.10405337653520363,0.10405337653520363,0.0,0.7177151721521042,0.7177151721521042,optimal,4.569999873638153e-06,False,0.02,0,False
353,7.0600000000000005,3.568838366302541,1.5,0.08116163369745877,0.9911362097154557,0.25204408389453287,-0.39462415255869243,-0.07052418372335799,0.10145204212182346,0.0,0.10145204212182346,0.0,0.10145204212182346,0.10145204212182346,0.0,0.7160968255359254,0.7160968255359254,optimal,4.617999366018921e-06,False,0.02,0,False
354,7.08,3.5708674071449775,1.5,0.07913259285502239,0.9928457074028638,0.25124263401310454,-0.39630044568813483,-0.07010509939835749,0.09891574106877798,0.0,0.09891574106877798,0.0,0.09891574106877798,0.09891574106877798,0.0,0.7145275497681848,0.7145275497681848,optimal,4.626999725587666e-06,False,0.02,0,False
355,7.1000000000000005,3.572845721966353,1.5,0.07715427803364694,0.9945124676480865,0.2504612203787119,-0.3979348314893412,-0.069696492181482,0.09644284754205867,0.0,0.09644284754205867,0.0,0.09644284754205867,0.09644284754205867,0.0,0.7130056928511342,0.7130056928511342,optimal,4.620997060555965e-06,False,0.02,0,False
356,7.12,3.5747745789171943,1.5,0.07522542108280561,0.996137558887179,0.24969934208517897,-0.39952835764551764,-0.06929810014502835,0.09403177635350701,0.0,0.09403177635350701,0.0,0.09403177635350701,0.09403177635350701,0.0,0.7115296650825296,0.7115296650825296,optimal,4.625995643436909e-06,False,0.02,0,False
357,7.140000000000001,3.5766552144442643,1.5,0.07334478555573565,0.9977220228452937,0.24895651074898456,-0.40108204564778915,-0.06890966790948617,0.09168098194466956,0.0,0.09168098194466956,0.0,0.09168098194466956,0.09168098194466956,0.0,0.7100979364615876,0.7100979364615876,optimal,4.534995241556317e-06,False,0.02,0,False
358,7.16,3.5784888340831578,1.5,0.07151116591684215,0.999266875204456,0.24823225019619477,-0.40259689145000443,-0.06853094647983238,0.08938895739605268,0.0,0.08938895739605268,0.0,0.08938895739605268,0.08938895739605268,0.0,0.7087090342109766,0.7087090342109766,optimal,4.547000571619719e-06,False,0.02,0,False
359,7.18,3.580276613231079,1.5,0.06972338676892109,1.0007731062546392,0.2475260961572248,-0.4040738661071643,-0.06816169308591999,0.08715423346115136,0.0,0.08715423346115136,0.0,0.08715423346115136,0.08715423346115136,0.0,0.7073615404094206,0.7073615404094206,optimal,4.492001608014107e-06,False,0.02,0,False
360,7.2,3.582019697900302,1.5,0.06798030209969808,1.0022416815285675,0.24683759596922916,-0.4055139163978948,-0.06780167102685544,0.0849753776246226,0.0,0.0849753776246226,0.0,0.0849753776246226,0.0849753776246226,0.0,0.7060540897297367,0.7060540897297367,optimal,4.745001206174493e-06,False,0.02,0,False
361,7.22,3.583719205452794,1.5,0.0662807945472057,1.0036735424206473,0.24616630828593355,-0.40691796543135683,-0.0674506495192676,0.08285099318400713,0.0,0.08285099318400713,0.0,0.08285099318400713,0.08285099318400713,0.0,0.7047853672773973,0.7047853672773973,optimal,4.57399437436834e-06,False,0.02,0,False
362,7.24,3.5853762253164745,1.5,0.06462377468352543,1.0050696067904261,0.24551180279471993,-0.40828691323898325,-0.06710840354936923,0.08077971835440678,0.0,0.08077971835440678,0.0,0.08077971835440678,0.08077971835440678,0.0,0.7035541065249246,0.7035541065249246,optimal,4.570996679831296e-06,False,0.02,0,False
363,7.26,3.5869918196835626,1.5,0.06300818031643729,1.0064307695509593,0.24487365994078714,-0.4096216373514179,-0.06677471372871857,0.07876022539554661,0.0,0.07876022539554661,0.0,0.07876022539554661,0.07876022539554661,0.0,0.7023590873376708,0.7023590873376708,optimal,4.68800135422498e-06,False,0.02,0,False
364,7.28,3.5885670241914736,1.5,0.06143297580852636,1.0077579032424802,0.2442514706582023,-0.41092299336104243,-0.06644936615358397,0.07679121976065795,0.0,0.07679121976065795,0.0,0.07679121976065795,0.07679121976065795,0.0,0.7011991340867116,0.7011991340867116,optimal,4.816000000573695e-06,False,0.02,0,False
365,7.3,3.5901028485866866,1.5,0.05989715141331331,1.0090518585917123,0.24364483610768223,-0.41219181547042605,-0.06613215226782786,0.0,0.0,0.0,0.0,0.0,0.0,0.0,,,not_called,0.0,False,0.0,0,False
