frame_index,frame_time_s,capture_latency_s,rectification_latency_s,segmentation_latency_s,occupancy_preprocessing_latency_s,pipeline_latency_s,capture_fps,display_fps,poisson_updates_per_s,poisson_version,field_age_s,last_solve_time_s,hjr_solve_time_s,poisson_residual,forcing_method,solver,grid_nx,grid_ny,occupied_fraction_instantaneous,occupied_fraction_filtered,occupied_fraction_inflated,changed_fraction,submitted_poisson_task,camera_moved,camera_translation_px,camera_rotation_deg,field_stale,discarded_queued_tasks,discarded_obsolete_solves,queue_size,queue_maximum_observed_size,contingency_status,hold_reason,time_s,occupancy_version,position_x_m,position_y_m,active_target,tau_active,tau_contingency,accepted_dt_s,backtracks,nominal_u_x,nominal_u_y,safe_u_x,safe_u_y,intervention_norm,success,safe_velocity_xy,nominal_velocity_xy,omega_active,omega_contingency,solver_status,solve_time_s,poisson_h_raw,poisson_h_effective,reachability_values,pivot,reachable_count,constraint_names,residuals
1,3169.907777511,0.0,0.0008879259999048372,0.09415837400001692,0.0005839890000061132,0.7131576470001164,0.0,0.0,0.0,,,,,,constant,conjugate_gradient,64,48,0.0751953125,0.0751953125,0.19661458333333334,1.0,True,False,,,False,0,0,0,1,hold,waiting for synchronized Poisson/HJR snapshot,,,,,,,,,,,,,,,,,,,,,,,,,,,,
2,3170.621018894,0.011130012999728933,0.0018240899999000248,0.11005283699978463,0.0009042409997164214,0.22637095200025215,1.376706338020067,4.416015120434594,0.0,1,0.7431464030000825,0.6084126169998854,0.10608313900002031,3.410974969142444e-07,constant,conjugate_gradient,64,48,0.07096354166666667,0.06998697916666667,0.18880208333333334,0.0078125,True,False,,,False,0,0,0,1,optimal,,3170.748745961,1,0.70399964449061,0.7501959461347849,1,-19.88,-10.0,0.12,0,0.4499970374217497,0.0016328844565408093,0.4499970374217497,0.0016328844565408093,0.0,True,"[0.4499970374217497, 0.0016328844565408093]","[0.4499970374217497, 0.0016328844565408093]",0.0,0.0,optimal,0.00744293000025209,0.1879443696785388,0.16794436967853882,"{'1': 0.6023809523809511, '2': -0.5984815240347574, '3': 0.611316811256593, '4': 3.140636527223454}",0.611316811256593,3,"['poisson_velocity_cbf', 'active_hj_LZ_1', 'contingency_LZ-1', 'contingency_LZ-2', 'contingency_LZ-3', 'contingency_LZ-4']","{'poisson_velocity_cbf': 0.5126723333149561, 'active_hj_LZ_1': 5.552434564925224, 'contingency_LZ-1': 0.7813631363537958, 'contingency_LZ-2': 0.12151110067293053, 'contingency_LZ-3': 0.5235531817300604, 'contingency_LZ-4': 2.176724801046879}"
3,3170.84749194,0.009618554000098811,0.0060664080001515686,0.018130476999886014,0.00040656199962540995,0.0755655680000018,2.1063849520022355,6.619144781476772,7.424581729885443,2,0.13482024199993248,0.058434749999833,0.04232141300008152,3.652093099049125e-07,constant,conjugate_gradient,64,48,0.07454427083333333,0.07096354166666667,0.18977864583333334,0.0009765625,False,False,,,False,0,0,0,1,optimal,,3170.883477029,2,0.75799928898122,0.7503918922695698,1,-19.759999999999998,-10.0,0.12,0,0.4499970374217497,0.0016328844565408082,0.4499970374217497,0.0016328844565408082,0.0,True,"[0.4499970374217497, 0.0016328844565408082]","[0.4499970374217497, 0.0016328844565408082]",0.0,0.0,optimal,0.0006681349996142671,0.2106074103644001,0.1906074103644001,"{'1': 0.6563805968715615, '2': -0.5444004113677119, '3': 0.6897333684690459, '4': 3.1945547035376283}",0.6897333684690459,3,"['poisson_velocity_cbf', 'active_hj_LZ_1', 'contingency_LZ-1', 'contingency_LZ-2', 'contingency_LZ-3', 'contingency_LZ-4']","{'poisson_velocity_cbf': 0.5474581515758116, 'active_hj_LZ_1': 5.546433514713434, 'contingency_LZ-1': 0.8110622461212322, 'contingency_LZ-2': 0.15125571263980475, 'contingency_LZ-3': 0.5666822881969105, 'contingency_LZ-4': 2.206379103317276}"
4,3170.923124288,0.001499952000358462,0.0006791219998376619,0.0024156300000868214,0.0003626559996519063,0.13256588900003408,2.950321756484762,6.900222483877537,7.424581729885443,2,0.18106503900025928,0.058434749999833,0.04232141300008152,3.652093099049125e-07,constant,conjugate_gradient,64,48,0.0732421875,0.07454427083333333,0.1953125,0.012369791666666666,True,False,,,False,0,0,0,1,optimal,,3170.929721335,2,0.778809089678873,0.7504674038780408,1,-19.713755693999936,-10.0,0.04624430600006235,0,0.4499970374217497,0.001632884456540807,0.4499970374217497,0.001632884456540807,0.0,True,"[0.4499970374217497, 0.001632884456540807]","[0.4499970374217497, 0.001632884456540807]",0.0,0.0,optimal,0.0006716899997627479,0.2301838088735636,0.2101838088735636,"{'1': 0.7103802413621709, '2': -0.4903192987006664, '3': 0.7122128407337174, '4': 3.2484728798518034}",0.7122128407337174,3,"['poisson_velocity_cbf', 'active_hj_LZ_1', 'contingency_LZ-1', 'contingency_LZ-2', 'contingency_LZ-3', 'contingency_LZ-4']","{'poisson_velocity_cbf': 0.5738877362060931, 'active_hj_LZ_1': 5.540432464501644, 'contingency_LZ-1': 0.8407613558886682, 'contingency_LZ-2': 0.18100032460667892, 'contingency_LZ-3': 0.5790459979424808, 'contingency_LZ-4': 2.236033405587673}"
5,3171.055828294,0.0021323689998098416,0.0005894470000384899,0.0032941619997473026,0.00039272000003620633,0.11140479300001971,3.478224469189572,7.321836574563095,6.349966611556409,3,0.13446607200012295,0.05691159300022264,0.043447948999983055,3.11462859503564e-07,constant,conjugate_gradient,64,48,0.06966145833333333,0.07389322916666667,0.19466145833333334,0.013671875,True,False,,,False,0,0,0,1,optimal,,3171.064103482,3,0.832808734169483,0.7506633500128257,1,-19.593755693999935,-10.0,0.12,0,0.4499970374217497,0.0016328844565408126,0.4499970374217497,0.0016328844565408126,0.0,True,"[0.4499970374217497, 0.0016328844565408126]","[0.4499970374217497, 0.0016328844565408126]",0.0,0.0,optimal,0.001943333999861352,0.23763715098275706,0.21763715098275707,"{'1': 0.7311900420598239, '2': -0.46947810267567736, '3': 0.7768128222992274, '4': 3.2692512852221203}",0.7768128222992274,3,"['poisson_velocity_cbf', 'active_hj_LZ_1', 'contingency_LZ-1', 'contingency_LZ-2', 'contingency_LZ-3', 'contingency_LZ-4']","{'poisson_velocity_cbf': 0.5849495188690254, 'active_hj_LZ_1': 5.538119844482346, 'contingency_LZ-1': 0.852206478555458, 'contingency_LZ-2': 0.19246298242042487, 'contingency_LZ-3': 0.6145759878035093, 'contingency_LZ-4': 2.2474612608244278}"
6,3171.167414274,0.011162115999923117,0.0005805939999845577,0.03940422400000898,0.0003741529999388149,0.1610116880001442,3.934927700821828,7.067131416304803,6.358926692028341,4,0.15695809799990457,0.0721465370002079,0.04918135100024301,3.4745934129887246e-07,constant,conjugate_gradient,64,48,0.07291666666666667,0.06901041666666667,0.18619791666666666,0.013020833333333334,True,False,,,False,0,0,0,1,optimal,,3171.220577902,4,0.886808378660093,0.7508592961476106,1,-19.473755693999934,-10.0,0.12,0,0.44999703742174973,0.0016328844565408113,0.44999703742174973,0.0016328844565408113,0.0,True,"[0.44999703742174973, 0.0016328844565408113]","[0.44999703742174973, 0.0016328844565408113]",0.0,0.0,optimal,0.0007113409997145936,0.2578409835406294,0.2378409835406294,"{'1': 0.7851896865504333, '2': -0.4153969900086327, '3': 0.8552293795116803, '4': 3.3231694615362946}",0.8552293795116803,3,"['poisson_velocity_cbf', 'active_hj_LZ_1', 'contingency_LZ-1', 'contingency_LZ-2', 'contingency_LZ-3', 'contingency_LZ-4']","{'poisson_velocity_cbf': 0.6166799098228257, 'active_hj_LZ_1': 5.5321187942705565, 'contingency_LZ-1': 0.8819055883228939, 'contingency_LZ-2': 0.22220759438729765, 'contingency_LZ-3': 0.6577050942703584, 'contingency_LZ-4': 2.2771155630948248}"
7,3171.328658292,0.01028886699987197,0.006603526000162674,0.022418142999867996,0.0005238690000624047,0.15693638499988083,4.191994689848729,6.973514735157626,6.436195805886838,5,0.1501712200001748,0.031799155000044266,0.04986423299988019,3.343498136132439e-07,constant,conjugate_gradient,64,48,0.06966145833333333,0.0732421875,0.19303385416666666,0.0107421875,True,False,,,False,0,0,0,1,optimal,,3171.370610554,5,0.940808023150703,0.7510552422823955,1,-19.353755693999933,-10.0,0.12,0,0.4499970374217497,0.0016328844565408102,0.4499970374217497,0.0016328844565408102,0.0,True,"[0.4499970374217497, 0.0016328844565408102]","[0.4499970374217497, 0.0016328844565408102]",0.0,0.0,optimal,0.0010025380001934536,0.2769693891156637,0.2569693891156637,"{'1': 0.8391893310410428, '2': -0.3613158773415872, '3': 0.8777088517763527, '4': 3.3770876378504693}",0.8777088517763527,3,"['poisson_velocity_cbf', 'active_hj_LZ_1', 'contingency_LZ-1', 'contingency_LZ-2', 'contingency_LZ-3', 'contingency_LZ-4']","{'poisson_velocity_cbf': 0.6466753871117144, 'active_hj_LZ_1': 5.526117744058766, 'contingency_LZ-1': 0.9116046980903298, 'contingency_LZ-2': 0.25195220635417326, 'contingency_LZ-3': 0.6700688040159283, 'contingency_LZ-4': 2.3067698653652213}"
8,3171.486170779,0.010419533999993291,0.006039977999989787,0.021830389000115247,0.00047268200023609097,0.1459117059998789,4.406063707455769,6.9226768083330406,6.42608387956869,6,0.1572125459997551,0.07606618600038928,0.047606104999886156,3.7499303573440557e-07,constant,conjugate_gradient,64,48,0.07356770833333333,0.06966145833333333,0.1875,0.010091145833333334,True,False,,,False,0,0,0,1,optimal,,3171.527366553,6,0.994807667641313,0.7512511884171804,1,-19.23375569399993,-10.0,0.12,0,0.4499970374217497,0.001632884456540809,0.4499970374217497,0.001632884456540809,0.0,True,"[0.4499970374217497, 0.001632884456540809]","[0.4499970374217497, 0.001632884456540809]",0.0,0.0,optimal,0.0009084270000130346,0.2928637425274777,0.2728637425274777,"{'1': 0.8931889755316531, '2': -0.3072347646745417, '3': 0.9561254089888056, '4': 3.431005814164644}",0.9561254089888056,3,"['poisson_velocity_cbf', 'active_hj_LZ_1', 'contingency_LZ-1', 'contingency_LZ-2', 'contingency_LZ-3', 'contingency_LZ-4']","{'poisson_velocity_cbf': 0.6686542165298529, 'active_hj_LZ_1': 5.520116693846976, 'contingency_LZ-1': 0.9413038078577662, 'contingency_LZ-2': 0.28169681832104926, 'contingency_LZ-3': 0.7131979104827793, 'contingency_LZ-4': 2.3364241676356183}"
9,3171.632159191,0.00983436900014567,0.0065447890001451015,0.034603380000135076,0.0004679540002143767,0.17873399000018253,4.613006777168462,6.722775093254564,6.297279991294859,7,0.17560020499968232,0.07391719200040825,0.05011054900023737,3.4986693364658095e-07,constant,conjugate_gradient,64,48,0.0693359375,0.07356770833333333,0.19368489583333334,0.011393229166666666,True,False,,,False,0,0,0,1,optimal,,3171.702358273,7,1.048807312131923,0.7514471345519653,1,-19.11375569399993,-10.0,0.12,0,0.44999703742174973,0.001632884456540808,0.44999703742174973,0.001632884456540808,0.0,True,"[0.44999703742174973, 0.001632884456540808]","[0.44999703742174973, 0.001632884456540808]",0.0,0.0,optimal,0.0008293079999930342,0.31079066600058514,0.2907906660005851,"{'1': 0.9471886200222634, '2': -0.2531536520074962, '3': 0.9791114668664473, '4': 3.4849239904788187}",0.9791114668664473,3,"['poisson_velocity_cbf', 'active_hj_LZ_1', 'contingency_LZ-1', 'contingency_LZ-2', 'contingency_LZ-3', 'contingency_LZ-4']","{'poisson_velocity_cbf': 0.6978516263400651, 'active_hj_LZ_1': 5.514115643635187, 'contingency_LZ-1': 0.9710029176252026, 'contingency_LZ-2': 0.3114414302879235, 'contingency_LZ-3': 0.725840242315481, 'contingency_LZ-4': 2.3660784699060153}"
10,3171.810999531,0.009849326000221481,0.00670378199993138,0.01963886699968498,0.0004584799999065581,0.30414451299975553,4.70454457971329,6.023309460722341,6.360438063615052,8,0.14854008599968438,0.06866312000011021,0.04512030500018227,3.496695324400889e-07,constant,conjugate_gradient,64,48,0.07454427083333333,0.0693359375,0.18815104166666666,0.0087890625,True,False,,,False,0,0,0,1,optimal,,3171.84988857,8,1.102806956622533,0.7516430806867502,1,-18.99375569399993,-10.0,0.12,0,0.4499970374217497,0.0016328844565408067,0.4499970374217497,0.0016328844565408067,0.0,True,"[0.4499970374217497, 0.0016328844565408067]","[0.4499970374217497, 0.0016328844565408067]",0.0,0.0,optimal,0.0006970890003685781,0.3250986337693993,0.3050986337693993,"{'1': 1.0011882645128725, '2': -0.19907253934045066, '3': 1.0575280240788998, '4': 3.5388421667929935}",1.0575280240788998,3,"['poisson_velocity_cbf', 'active_hj_LZ_1', 'contingency_LZ-1', 'contingency_LZ-2', 'contingency_LZ-3', 'contingency_LZ-4']","{'poisson_velocity_cbf': 0.717733957525356, 'active_hj_LZ_1': 5.508114593423397, 'contingency_LZ-1': 1.0007020273926384, 'contingency_LZ-2': 0.34118604225479743, 'contingency_LZ-3': 0.7689693487823295, 'contingency_LZ-4': 2.395732772176412}"
11,3172.11526112,0.0862631310001234,0.0005590010000560142,0.02848181300032593,0.0003786900001614413,0.28139121699996394,5.7426850529630435,5.631458470879982,5.392346308559518,9,0.38318764900031965,0.06607906299996102,0.2768892560002314,3.377469610654771e-07,constant,conjugate_gradient,64,48,0.072265625,0.07421875,0.19466145833333334,0.012369791666666666,True,False,,,False,0,0,0,1,optimal,,3172.232370973,9,1.1568066011131428,0.7518390268215351,1,-18.87375569399993,-10.0,0.12,0,0.44999703742174973,0.0016328844565408056,0.44999703742174973,0.0016328844565408056,0.0,True,"[0.44999703742174973, 0.0016328844565408056]","[0.44999703742174973, 0.0016328844565408056]",0.0,0.0,optimal,0.0009924940000018978,0.34142902230150796,0.32142902230150794,"{'1': 1.0551879090034824, '2': -0.14499142667340514, '3': 1.0800074963435717, '4': 3.5927603431071677}",1.0800074963435717,3,"['poisson_velocity_cbf', 'active_hj_LZ_1', 'contingency_LZ-1', 'contingency_LZ-2', 'contingency_LZ-3', 'contingency_LZ-4']","{'poisson_velocity_cbf': 0.7446877155039638, 'active_hj_LZ_1': 5.502113543211607, 'contingency_LZ-1': 1.0304011371600754, 'contingency_LZ-2': 0.37093065422167465, 'contingency_LZ-3': 0.7813330585278996, 'contingency_LZ-4': 2.425387074446809}"
12,3172.396973611,0.007579825999982859,0.0008368789999622095,0.039908161999846925,0.000546251999821834,0.18458254300003318,5.6358047118872125,5.610460914512993,5.285800719462898,10,0.2192063729999063,0.06725145700011126,0.05018076000033034,3.6753162646618875e-07,constant,conjugate_gradient,64,48,0.07096354166666667,0.07194010416666667,0.19205729166666666,0.009765625,True,False,,,False,0,0,0,1,optimal,,3172.451466229,10,1.2108062456037527,0.75203497295632,1,-18.753755693999928,-10.0,0.12,0,0.4499970374217497,0.001632884456540804,0.4499970374217497,0.001632884456540804,0.0,True,"[0.4499970374217497, 0.001632884456540804]","[0.4499970374217497, 0.001632884456540804]",0.0,0.0,optimal,0.0007826469995961816,0.35480474826977765,0.33480474826977763,"{'1': 1.1091875534940923, '2': -0.09091031400635874, '3': 1.1024869686082441, '4': 3.646678519421342}",1.1091875534940923,3,"['poisson_velocity_cbf', 'active_hj_LZ_1', 'contingency_LZ-1', 'contingency_LZ-2', 'contingency_LZ-3', 'contingency_LZ-4']","{'poisson_velocity_cbf': 0.7640760144726109, 'active_hj_LZ_1': 5.495823097348682, 'contingency_LZ-1': 1.0598108512763764, 'contingency_LZ-2': 0.4006752661885501, 'contingency_LZ-3': 0.7936967682734697, 'contingency_LZ-4': 2.4550413767172055}"
13,3172.581658548,0.012028139999983978,0.0007053220001580485,0.002494373999979871,0.0004384999997455452,0.11020993499960241,5.613230237521354,5.963683471807762,5.402957512270158,11,0.14914152700021077,0.03520695700035503,0.049714668999968126,3.6144331083676207e-07,constant,conjugate_gradient,64,48,0.07194010416666667,0.0712890625,0.18912760416666666,0.012044270833333334,True,False,,,False,0,0,0,1,optimal,,3172.600478422,11,1.2648058900943626,0.752230919091105,1,-18.633755693999927,-10.0,0.12,0,0.4499970374217497,0.0016328844565408028,0.4499970374217497,0.0016328844565408028,0.0,True,"[0.4499970374217497, 0.0016328844565408028]","[0.4499970374217497, 0.0016328844565408028]",0.0,0.0,optimal,0.000827194000066811,0.3667790019906326,0.3467790019906326,"{'1': 1.1631871979847022, '2': -0.03682920133931411, '3': 1.1249664408729165, '4': 3.700596695735517}",1.1631871979847022,3,"['poisson_velocity_cbf', 'active_hj_LZ_1', 'contingency_LZ-1', 'contingency_LZ-2', 'contingency_LZ-3', 'contingency_LZ-4']","{'poisson_velocity_cbf': 0.7811726252177722, 'active_hj_LZ_1': 5.489821352434494, 'contingency_LZ-1': 1.089509266341414, 'contingency_LZ-2': 0.43041987815542443, 'contingency_LZ-3': 0.8060604780190395, 'contingency_LZ-4': 2.484695678987602}"
14,3172.692058564,0.010229964000245673,0.006979777999731596,0.0355496890001632,0.00045965199979036697,0.16418607100013105,5.961604900394319,5.690342685503167,5.5047712329419625,12,0.1476051660001758,0.06726137700024992,0.051287845999922865,3.1793983179539964e-07,constant,conjugate_gradient,64,48,0.0712890625,0.0712890625,0.19075520833333334,0.006184895833333333,True,False,,,False,0,0,0,1,optimal,,3172.747072813,12,1.3188055345849725,0.7524268652258899,1,-18.513755693999926,-10.0,0.12,0,0.4499970374217497,0.0016328844565408013,0.4499970374217497,0.0016328844565408013,0.0,True,"[0.4499970374217497, 0.0016328844565408013]","[0.4499970374217497, 0.0016328844565408013]",0.0,0.0,optimal,0.0007300890001715743,0.3807026591891941,0.3607026591891941,"{'1': 1.2171868424753125, '2': 0.017251911327730518, '3': 1.147445913137588, '4': 3.7545148720496915}",1.2171868424753125,4,"['poisson_velocity_cbf', 'active_hj_LZ_1', 'contingency_LZ-1', 'contingency_LZ-2', 'contingency_LZ-3', 'contingency_LZ-4']","{'poisson_velocity_cbf': 0.803478371411653, 'active_hj_LZ_1': 5.483819607520306, 'contingency_LZ-1': 1.1192076814064515, 'contingency_LZ-2': 0.4601644901222992, 'contingency_LZ-3': 0.8184241877646087, 'contingency_LZ-4': 2.514349981257999}"
15,3172.85636135,0.010908664999988105,0.0068153150000398455,0.021141178000107175,0.00035762800007432816,0.13761752799973692,5.662701824741991,5.675204657114159,5.585633355918766,13,0.15091438499985088,0.03855164100014008,0.047960609999790904,3.0059698286066805e-07,constant,conjugate_gradient,64,48,0.0732421875,0.0712890625,0.19140625,0.00390625,True,False,,,False,0,0,0,1,optimal,,3172.897838013,13,1.3728051790755824,0.7526228113606748,1,-18.393755693999925,-10.0,0.12,0,0.44999703742174973,0.0016328844565408,0.44999703742174973,0.0016328844565408,0.0,True,"[0.44999703742174973, 0.0016328844565408]","[0.44999703742174973, 0.0016328844565408]",0.0,0.0,optimal,0.0008720619998712209,0.39147697762986844,0.3714769776298684,"{'1': 1.2711864869659224, '2': 0.07133302399477603, '3': 1.1699253854022604, '4': 3.8084330483638658}",1.2711864869659224,4,"['poisson_velocity_cbf', 'active_hj_LZ_1', 'contingency_LZ-1', 'contingency_LZ-2', 'contingency_LZ-3', 'contingency_LZ-4']","{'poisson_velocity_cbf': 0.8185158854614014, 'active_hj_LZ_1': 5.477817862606116, 'contingency_LZ-1': 1.1489060964714886, 'contingency_LZ-2': 0.4899091020891743, 'contingency_LZ-3': 0.8307878975101785, 'contingency_LZ-4': 2.544004283528395}"
16,3172.99423353,0.009851709000031406,0.0008062890001383494,0.044517183999687404,0.0003694360002555186,0.15496075800001563,5.6519487827426795,5.550160331593088,5.645984176404544,14,0.15433849800001553,0.0637131930002397,0.05481818899988866,3.967130766113769e-07,constant,conjugate_gradient,64,48,0.0712890625,0.0732421875,0.19075520833333334,0.017578125,True,False,,,False,0,0,0,1,optimal,,3173.051318165,14,1.4268048235661923,0.7528187574954597,1,-18.273755693999924,-10.0,0.12,0,0.4499970374217497,0.0016328844565407985,0.4499970374217497,0.0016328844565407985,0.0,True,"[0.4499970374217497, 0.0016328844565407985]","[0.4499970374217497, 0.0016328844565407985]",0.0,0.0,optimal,0.0007331629999498546,0.40135521131633956,0.38135521131633954,"{'1': 1.3251861314565319, '2': 0.12541413666182155, '3': 1.1924048576669324, '4': 3.86235122467804}",1.3251861314565319,4,"['poisson_velocity_cbf', 'active_hj_LZ_1', 'contingency_LZ-1', 'contingency_LZ-2', 'contingency_LZ-3', 'contingency_LZ-4']","{'poisson_velocity_cbf': 0.832102359123063, 'active_hj_LZ_1': 5.471816117691927, 'contingency_LZ-1': 1.1786045115365253, 'contingency_LZ-2': 0.5196537140560493, 'contingency_LZ-3': 0.8431516072557477, 'contingency_LZ-4': 2.5736585857987917}"
17,3173.149284444,0.010561818000041967,0.0010239210000690946,0.04321024699993359,0.0005028169998695375,0.12432499800024743,5.551344409424562,5.655119460247563,5.696348630884457,15,0.15532417999975223,0.03943563700022423,0.05387457400001949,3.708603415475409e-07,constant,conjugate_gradient,64,48,0.07194010416666667,0.0712890625,0.19075520833333334,0.009114583333333334,True,False,,,False,0,0,0,1,optimal,,3173.206508154,15,1.4806382891619905,0.7485810715767056,4,-9.88,-10.0,0.12,0,0.4486122132983188,-0.03531404932295009,0.4486122132983188,-0.03531404932295009,0.0,True,"[0.4486122132983188, -0.03531404932295009]","[0.4486122132983188, -0.03531404932295009]",0.0,0.0,optimal,0.000678801000049134,0.4128392392257886,0.39283923922578856,"{'1': None, '2': 0.12406474999405503, '3': 1.2148843299316048, '4': 3.9162694009922148}",1.2148843299316048,3,"['poisson_velocity_cbf', 'active_hj_LZ_4', 'contingency_LZ-2', 'contingency_LZ-3', 'contingency_LZ-4']","{'poisson_velocity_cbf': 0.8238839716707005, 'active_hj_LZ_4': 3.878556663977163, 'contingency_LZ-2': 0.5021653662300828, 'contingency_LZ-3': 0.8179969208570111, 'contingency_LZ-4': 2.6162354335306666}"
18,3173.273727429,0.011350531000061892,0.000875686999734171,0.038372606999928394,0.0009878969999590481,0.11883728100019653,5.652786164078604,5.755397002413485,5.817409913746853,16,0.12116579399980765,0.03358154399984414,0.0505188500001168,3.170061120272294e-07,constant,conjugate_gradient,64,48,0.07161458333333333,0.07194010416666667,0.19140625,0.0032552083333333335,True,False,,,False,0,0,0,1,optimal,,3173.327558063,16,1.5344717547577886,0.7443433856579517,4,-9.760000000000002,-10.0,0.12,0,0.44861221329831874,-0.03531404932295006,0.44861221329831874,-0.03531404932295006,0.0,True,"[0.44861221329831874, -0.03531404932295006]","[0.44861221329831874, -0.03531404932295006]",0.0,0.0,optimal,0.0008693979998497525,0.4194131722637199,0.39941317226371986,"{'1': None, '2': 0.1761363204420574, '3': 1.23286159465896, '4': 3.9718647617358096}",1.23286159465896,3,"['poisson_velocity_cbf', 'active_hj_LZ_4', 'contingency_LZ-2', 'contingency_LZ-3', 'contingency_LZ-4']","{'poisson_velocity_cbf': 0.8307736807903245, 'active_hj_LZ_4': 3.873827099870636, 'contingency_LZ-2': 0.5308047299764841, 'contingency_LZ-3': 0.8278844164570571, 'contingency_LZ-4': 2.6464879570895214}"
19,3173.392645902,0.01016875200002687,0.0005938530002822517,0.02498971500017433,0.0004453699998521188,0.10231501299995216,5.770720846027794,5.9048298021243255,5.965276261844294,17,0.1041104539999651,0.03793153300011909,0.03509778000034203,3.194207920387271e-07,constant,conjugate_gradient,64,48,0.07486979166666667,0.07161458333333333,0.19173177083333334,0.0068359375,True,False,,,False,0,0,0,1,optimal,,3173.431242101,17,1.580985680528566,0.7406818824260256,4,-9.656315962000246,-10.0,0.10368403799975567,0,0.44861221329831874,-0.035314049322950083,0.44861221329831874,-0.035314049322950083,0.0,True,"[0.44861221329831874, -0.035314049322950083]","[0.44861221329831874, -0.035314049322950083]",0.0,0.0,optimal,0.0007341749997067382,0.4235733405127464,0.4035733405127464,"{'1': None, '2': 0.1722708059422775, '3': 1.2508388593863153, '4': 4.027460122479404}",1.2508388593863153,3,"['poisson_velocity_cbf', 'active_hj_LZ_4', 'contingency_LZ-2', 'contingency_LZ-3', 'contingency_LZ-4']","{'poisson_velocity_cbf': 0.8322247124237664, 'active_hj_LZ_4': 3.8690975357641078, 'contingency_LZ-2': 0.5286786970016036, 'contingency_LZ-3': 0.837771912057103, 'contingency_LZ-4': 2.676740480648376}"
20,3173.495021366,0.00946403600028134,0.0006077049997657014,0.022957071000291762,0.00045202999990578974,0.10104279300003327,5.906421263546897,6.121104210472605,6.111566696052831,18,0.0999473790002412,0.040324369999780174,0.03245839300006992,3.754162349878243e-07,constant,conjugate_gradient,64,48,0.07194010416666667,0.07421875,0.19498697916666666,0.006510416666666667,True,False,,,False,0,0,0,1,optimal,,3173.530581892,18,1.6255507240377347,0.7371737921469148,4,-9.556976171000098,-10.0,0.09933979100014767,0,0.4486122132983188,-0.03531404932295007,0.4486122132983188,-0.03531404932295007,0.0,True,"[0.4486122132983188, -0.03531404932295007]","[0.4486122132983188, -0.03531404932295007]",0.0,0.0,optimal,0.0006657060002908111,0.42739836350792126,0.40739836350792125,"{'1': None, '2': 0.16132531006981132, '3': 1.2663718210456723, '4': 4.075496384945645}",1.2663718210456723,3,"['poisson_velocity_cbf', 'active_hj_LZ_4', 'contingency_LZ-2', 'contingency_LZ-3', 'contingency_LZ-4']","{'poisson_velocity_cbf': 0.8343637203334027, 'active_hj_LZ_4': 3.8650110332262453, 'contingency_LZ-2': 0.5226586742717487, 'contingency_LZ-3': 0.8463150409697491, 'contingency_LZ-4': 2.7028796790005822}"
21,3173.596165541,0.009676992000095197,0.006890589000249747,0.006452745999922627,0.0007147960000111198,0.09435749399972337,6.111036089655801,6.384293996637332,6.265301360458079,19,0.09225410800036116,0.03246071200010192,0.03051579499970103,3.5091162686740063e-07,constant,conjugate_gradient,64,48,0.072265625,0.07259114583333333,0.19140625,0.010091145833333334,True,False,,,False,0,0,0,1,optimal,,3173.622517791,19,1.6667942911696791,0.7339271632750803,4,-9.465040272000135,-10.0,0.09193589899996368,0,0.4486122132983188,-0.03531404932295004,0.4486122132983188,-0.03531404932295004,0.0,True,"[0.4486122132983188, -0.03531404932295004]","[0.4486122132983188, -0.03531404932295004]",0.0,0.0,optimal,0.0008545759997105051,0.42989549369480745,0.40989549369480743,"{'1': None, '2': 0.2044318011144277, '3': 1.2812539687187545, '4': 4.121519980919366}",1.2812539687187545,3,"['poisson_velocity_cbf', 'active_hj_LZ_4', 'contingency_LZ-2', 'contingency_LZ-3', 'contingency_LZ-4']","{'poisson_velocity_cbf': 0.8340581732388807, 'active_hj_LZ_4': 3.861095750644043, 'contingency_LZ-2': 0.5463672443462856, 'contingency_LZ-3': 0.8545002221899443, 'contingency_LZ-4': 2.727923673730279}"
22,3173.690628874,0.009795090000352502,0.00592076500015537,0.00730098599979101,0.0003457200000411831,0.08550087100002202,6.383923007489425,6.6150426162730085,6.403382230366017,20,0.09479409000005035,0.03534858800003349,0.031246108999766875,4.061647587150219e-07,constant,conjugate_gradient,64,48,0.07486979166666667,0.07194010416666667,0.19205729166666666,0.0032552083333333335,True,False,,,False,0,0,0,1,optimal,,3173.716401011,20,1.7089114502854308,0.7306117666134047,4,-9.371157052000182,-10.0,0.09388321999995242,0,0.44861221329831874,-0.03531404932295005,0.44861221329831874,-0.03531404932295005,0.0,True,"[0.44861221329831874, -0.03531404932295005]","[0.44861221329831874, -0.03531404932295005]",0.0,0.0,optimal,0.0008343300000888121,0.4335064922667934,0.41350649226679337,"{'1': None, '2': 0.18838843817895512, '3': 1.2950269353376687, '4': 4.164113393170947}",1.2950269353376687,3,"['poisson_velocity_cbf', 'active_hj_LZ_4', 'contingency_LZ-2', 'contingency_LZ-3', 'contingency_LZ-4']","{'poisson_velocity_cbf': 0.8369728976867647, 'active_hj_LZ_4': 3.8574722779106123, 'contingency_LZ-2': 0.5375433947317774, 'contingency_LZ-3': 0.8620753538303468, 'contingency_LZ-4': 2.7511011149836198}"
23,3173.776225008,0.009244871000191779,0.006356675999995787,0.019062790000134555,0.00045486500039260136,0.09492815700014035,6.616474848513105,7.4030251708398565,6.525982696790599,21,0.0982048420000865,0.03447578399982376,0.034487877000174194,3.9091511894184805e-07,constant,conjugate_gradient,64,48,0.07259114583333333,0.0751953125,0.1953125,0.009114583333333334,True,False,,,False,0,0,0,1,optimal,,3173.813794773,21,1.7526034814177625,0.7271723984983841,4,-9.273763290000044,-10.0,0.09739376200013794,0,0.4486122132983188,-0.03531404932295005,0.4486122132983188,-0.03531404932295005,0.0,True,"[0.4486122132983188, -0.03531404932295005]","[0.4486122132983188, -0.03531404932295005]",0.0,0.0,optimal,0.0007231489998957841,0.43483763714951174,0.4148376371495117,"{'1': None, '2': 0.1731900757654481, '3': 1.3090916311659666, '4': 4.207608988868177}",1.3090916311659666,3,"['poisson_velocity_cbf', 'active_hj_LZ_4', 'contingency_LZ-2', 'contingency_LZ-3', 'contingency_LZ-4']","{'poisson_velocity_cbf': 0.8349487363702757, 'active_hj_LZ_4': 3.8537720553479704, 'contingency_LZ-2': 0.5291842954043467, 'contingency_LZ-3': 0.8698109365359106, 'contingency_LZ-4': 2.7747694843572}"
24,3173.871346155,0.00948232900009316,0.0068150600000080885,0.01961416999984067,0.00035106899986203643,0.11074103300006755,7.7412444408433725,7.498770567191894,6.644613220699812,22,0.09646878600005948,0.03393290200028787,0.03406409899980645,3.431961630440128e-07,constant,conjugate_gradient,64,48,0.07161458333333333,0.072265625,0.19270833333333334,0.013671875,True,False,,,False,0,0,0,1,optimal,,3173.909814773,22,1.795679226138646,0.7237815434823961,4,-9.177743290000091,-10.0,0.09601999999995314,0,0.44861221329831885,-0.03531404932295005,0.44861221329831885,-0.03531404932295005,0.0,True,"[0.44861221329831885, -0.03531404932295005]","[0.44861221329831885, -0.03531404932295005]",0.0,0.0,optimal,0.0008198630002880236,0.4330697854476216,0.4130697854476216,"{'1': None, '2': 0.15951504197755106, '3': 1.3236822431848791, '4': 4.252730999972956}",1.3236822431848791,3,"['poisson_velocity_cbf', 'active_hj_LZ_4', 'contingency_LZ-2', 'contingency_LZ-3', 'contingency_LZ-4']","{'poisson_velocity_cbf': 0.8258815223718587, 'active_hj_LZ_4': 3.849933471673341, 'contingency_LZ-2': 0.4716101796038546, 'contingency_LZ-3': 0.8778357731463128, 'contingency_LZ-4': 2.7993228766854887}"
25,3173.982163383,0.009968360000129906,0.0007989770001586294,0.013735472999997,0.00048060300014185486,0.09572243599996,7.81861602512273,7.64223994529789,6.748432244327811,23,0.1000694280000971,0.03833577700015667,0.03254236900011165,2.927197257918124e-07,constant,conjugate_gradient,64,48,0.07356770833333333,0.07161458333333333,0.19205729166666666,0.0032552083333333335,True,False,,,False,0,0,0,1,optimal,,3174.009161924,23,1.8402475714336717,0.7202731932918849,4,-9.078396139000017,-10.0,0.09934715100007452,0,0.4486122132983188,-0.03531404932295005,0.4486122132983188,-0.03531404932295005,0.0,True,"[0.4486122132983188, -0.03531404932295005]","[0.4486122132983188, -0.03531404932295005]",0.0,0.0,optimal,0.0008684419999553938,0.43423432048730637,0.41423432048730635,"{'1': None, '2': 0.20568930031963628, '3': 1.3380670511775445, '4': 4.297216554461267}",1.3380670511775445,3,"['poisson_velocity_cbf', 'active_hj_LZ_4', 'contingency_LZ-2', 'contingency_LZ-3', 'contingency_LZ-4']","{'poisson_velocity_cbf': 0.8232753625030265, 'active_hj_LZ_4': 3.8461490321274354, 'contingency_LZ-2': 0.44772832960201314, 'contingency_LZ-3': 0.885747417542279, 'contingency_LZ-4': 2.8235299376198206}"
26,3174.077994413,0.00989208500004679,0.006773944000087795,0.006241136999960872,0.00038475899964396376,0.09496173300021837,7.950733173758392,8.444528539440084,6.857084737685597,24,0.09511100200006695,0.0351851870000246,0.031207511000047816,2.994976426862195e-07,constant,conjugate_gradient,64,48,0.06966145833333333,0.07356770833333333,0.19270833333333334,0.009765625,True,False,,,False,0,0,0,1,optimal,,3174.103570605,24,1.8826004587716587,0.716939240474536,4,-8.983987458000012,-10.0,0.09440868100000444,0,0.4486122132983188,-0.03531404932295003,0.4486122132983188,-0.03531404932295003,0.0,True,"[0.4486122132983188, -0.03531404932295003]","[0.4486122132983188, -0.03531404932295003]",0.0,0.0,optimal,0.0009001040002658556,0.43447741243282634,0.4144774124328263,"{'1': None, '2': 0.2550636701624418, '3': 1.3529503014561852, '4': 4.343243560283746}",1.3529503014561852,3,"['poisson_velocity_cbf', 'active_hj_LZ_4', 'contingency_LZ-2', 'contingency_LZ-3', 'contingency_LZ-4']","{'poisson_velocity_cbf': 0.8193530327797974, 'active_hj_LZ_4': 3.842233459465304, 'contingency_LZ-2': 0.312793277963869, 'contingency_LZ-3': 0.8939332051955313, 'contingency_LZ-4': 2.84857578783761}"
27,3174.173050338,0.009840352999617608,0.000681490999795642,0.012480810999932146,0.00034500900028433534,0.09335441900020669,8.074770146961672,8.571071036854176,6.9582527487090475,25,0.09560969300036959,0.0358148989998881,0.03157908499997575,3.1792053079016114e-07,constant,conjugate_gradient,64,48,0.07356770833333333,0.06966145833333333,0.18782552083333334,0.0107421875,True,False,,,False,0,0,0,1,optimal,,3174.198439293,25,1.9251597108679022,0.7135890429473118,4,-8.889118770000334,-10.0,0.09486868799967851,0,0.4486122132983188,-0.03531404932295003,0.4486122132983188,-0.03531404932295003,0.0,True,"[0.4486122132983188, -0.03531404932295003]","[0.4486122132983188, -0.03531404932295003]",0.0,0.0,optimal,0.0007715820001976681,0.4335413061059012,0.4135413061059012,"{'1': None, '2': 0.26912910824613956, '3': 1.3670937168803317, '4': 4.3869825992630975}",1.3670937168803317,3,"['poisson_velocity_cbf', 'active_hj_LZ_4', 'contingency_LZ-2', 'contingency_LZ-3', 'contingency_LZ-4']","{'poisson_velocity_cbf': 0.8131140668996893, 'active_hj_LZ_4': 3.838512526890285, 'contingency_LZ-2': 0.29833694785669684, 'contingency_LZ-3': 0.9017120836788115, 'contingency_LZ-4': 2.872376628221885}"
28,3174.266492589,0.00973868000028233,0.0007798339997862058,0.012913983000089502,0.00037191999990682234,0.09359691500003464,8.566935531942232,8.658477450511633,7.055852928334733,26,0.09468168200010041,0.033892676000050415,0.03134891899981085,3.4745483645792774e-07,constant,conjugate_gradient,64,48,0.07096354166666667,0.0732421875,0.193359375,0.010091145833333334,True,False,,,False,0,0,0,1,optimal,,3174.292495964,26,1.9673546822207242,0.7102675210284622,4,-8.795062099000244,-10.0,0.09405667100008941,0,0.4486122132983188,-0.03531404932295002,0.4486122132983188,-0.03531404932295002,0.0,True,"[0.4486122132983188, -0.03531404932295002]","[0.4486122132983188, -0.03531404932295002]",0.0,0.0,optimal,0.0007050109998090193,0.4329669757348819,0.4129669757348819,"{'1': None, '2': 0.33927852251481294, '3': 1.381306046201224, '4': 4.430934757034878}",1.381306046201224,3,"['poisson_velocity_cbf', 'active_hj_LZ_4', 'contingency_LZ-2', 'contingency_LZ-3', 'contingency_LZ-4']","{'poisson_velocity_cbf': 0.808018940994125, 'active_hj_LZ_4': 3.8347734640436455, 'contingency_LZ-2': 0.3365644399012542, 'contingency_LZ-3': 0.9095288648053022, 'contingency_LZ-4': 2.8962934383777843}"
29,3174.360225378,0.010103243999765255,0.006912241999998514,0.00640725699986433,0.0004434269999364915,0.09432078800000454,8.665023160849715,9.076337051187906,7.147835502281194,27,0.09495616899994275,0.03365348199986329,0.031200331000036385,4.4171817847882267e-07,constant,conjugate_gradient,64,48,0.07486979166666667,0.0712890625,0.19140625,0.011067708333333334,True,False,,,False,0,0,0,1,optimal,,3174.386754915,27,2.009640398852025,0.7069388557837177,4,-8.700803148000215,-10.0,0.0942589510000289,0,0.4486122132983187,-0.035314049322950056,0.4486122132983187,-0.035314049322950056,0.0,True,"[0.4486122132983187, -0.035314049322950056]","[0.4486122132983187, -0.035314049322950056]",0.0,0.0,optimal,0.0007937290001791553,0.4278653827208778,0.4078653827208778,"{'1': None, '2': 0.40930628807878033, '3': 1.3953967268174106, '4': 4.474510711656475}",1.3953967268174106,3,"['poisson_velocity_cbf', 'active_hj_LZ_4', 'contingency_LZ-2', 'contingency_LZ-3', 'contingency_LZ-4']","{'poisson_velocity_cbf': 0.7919920557114777, 'active_hj_LZ_4': 3.8310664052507994, 'contingency_LZ-2': 0.3749289978379574, 'contingency_LZ-3': 0.9172787391442044, 'contingency_LZ-4': 2.9200055355052643}"
30,3174.454640709,0.009882576000109111,0.0005630170003314561,0.013384671000039816,0.0003781700002036814,0.09542226099983964,9.087665460121169,9.143995884432222,7.235500675348991,28,0.09514672099976451,0.03374820999988515,0.032065057000181696,3.376660444587287e-07,constant,conjugate_gradient,64,48,0.0693359375,0.07421875,0.1953125,0.0078125,True,False,,,False,0,0,0,1,optimal,,3174.481235764,28,2.0520256616361583,0.7036023544220623,4,-8.60632229900035,-10.0,0.09448084899986497,0,0.4486122132983188,-0.0353140493229501,0.4486122132983188,-0.0353140493229501,0.0,True,"[0.4486122132983188, -0.0353140493229501]","[0.4486122132983188, -0.0353140493229501]",0.0,0.0,optimal,0.0009230789996763633,0.42852077987465453,0.4085207798746545,"{'1': None, '2': 0.4234272723708665, '3': 1.4095177111094968, '4': 4.518180381524469}",1.4095177111094968,3,"['poisson_velocity_cbf', 'active_hj_LZ_4', 'contingency_LZ-2', 'contingency_LZ-3', 'contingency_LZ-4']","{'poisson_velocity_cbf': 0.7897630373911665, 'active_hj_LZ_4': 3.8273513739893934, 'contingency_LZ-2': 0.382695539198605, 'contingency_LZ-3': 0.9250452805048517, 'contingency_LZ-4': 2.943768628303275}"
31,3174.55018953,0.009695415000351204,0.0063378770000781515,0.0068866639999214385,0.00038059300004533725,0.0919377580003129,9.155492731967124,9.229578122946672,7.317780924447116,29,0.09514627599992309,0.03606413399984376,0.030719617000158905,4.6679532061943974e-07,constant,conjugate_gradient,64,48,0.07194010416666667,0.06966145833333333,0.18815104166666666,0.01171875,True,False,,,False,0,0,0,1,optimal,,3174.575418761,29,2.0919747750929134,0.7004576229118619,4,-8.512139302000161,-10.0,0.09418299700018906,0,0.424164814554318,-0.03338958846461548,0.424164814554318,-0.03338958846461548,0.0,True,"[0.424164814554318, -0.03338958846461548]","[0.424164814554318, -0.03338958846461548]",0.0,0.0,optimal,0.0006548249998559186,0.42201226944050224,0.4020122694405022,"{'1': None, '2': 0.49351858426978, '3': 1.4236719380606289, '4': 4.561952855553708}",1.4236719380606289,3,"['poisson_velocity_cbf', 'active_hj_LZ_4', 'contingency_LZ-2', 'contingency_LZ-3', 'contingency_LZ-4']","{'poisson_velocity_cbf': 0.7726407867227422, 'active_hj_LZ_4': 3.7986406165825306, 'contingency_LZ-2': 0.413081743170445, 'contingency_LZ-3': 0.9246660877554103, 'contingency_LZ-4': 2.942600682083188}"
32,3174.642229181,0.0099729219996334,0.000574363999930938,0.01276263999989169,0.0004710590001195669,0.0855812079998941,9.231756233334968,9.617308780972287,7.3991719872394075,30,0.0937841859999935,0.03248746100007338,0.031740342999910354,4.2976469671884843e-07,constant,conjugate_gradient,64,48,0.07096354166666667,0.07194010416666667,0.19075520833333334,0.0078125,True,False,,,False,0,0,0,1,optimal,,3174.66875359,30,2.127835481853975,0.6976347243598916,4,-8.418804473000147,-10.0,0.093334829000014,0,0.38421570109756287,-0.030244856954415034,0.38421570109756287,-0.030244856954415034,0.0,True,"[0.38421570109756287, -0.030244856954415034]","[0.38421570109756287, -0.030244856954415034]",0.0,0.0,optimal,0.0007384159998764517,0.41909749498849236,0.39909749498849234,"{'1': None, '2': 0.5068592782096344, '3': 1.4370126320004837, '4': 4.603209448445034}",1.4370126320004837,3,"['poisson_velocity_cbf', 'active_hj_LZ_4', 'contingency_LZ-2', 'contingency_LZ-3', 'contingency_LZ-4']","{'poisson_velocity_cbf': 0.766610545297248, 'active_hj_LZ_4': 3.7517683651053173, 'contingency_LZ-2': 0.4070784308975104, 'contingency_LZ-3': 0.9186627754824758, 'contingency_LZ-4': 2.9242544623049715}"
33,3176.900854359,0.001246800999979314,0.0006645700000262877,0.002554239999881247,0.0003696170001603605,0.06410257200013803,0.0,0.0,4.408738048479812,31,2.2400302870000814,0.03501991299981455,0.0298340599997573,3.6815598036810115e-07,constant,conjugate_gradient,64,48,0.07421875,0.07096354166666667,0.19010416666666666,0.011067708333333334,True,False,,,True,0,0,0,1,hold,synchronized safety snapshot is stale (2.240 s),,,,,,,,,,,,,,,,,,,,,,,,,,,,
34,3176.965161629,0.009745934999955352,0.006403981999937969,0.018384013999821036,0.00039138900001489674,0.09393161300022257,13.694230912174978,10.623120597343808,4.556248109684268,32,0.0951616790002845,0.03210493699998551,0.03364717200020095,2.9330446693620615e-07,constant,conjugate_gradient,64,48,0.07161458333333333,0.07389322916666667,0.19368489583333334,0.009440104166666666,True,False,,,False,0,0,0,1,optimal,,3177.00232336,32,2.1606912303884656,0.6950483714031612,4,-8.324487614999963,-10.0,0.09431685800018386,0,0.3483549943365012,-0.027421958402444768,0.3483549943365012,-0.027421958402444768,0.0,True,"[0.3483549943365012, -0.027421958402444768]","[0.3483549943365012, -0.027421958402444768]",0.0,0.0,optimal,0.0008328529997925216,0.41190047536058666,0.39190047536058664,"{'1': None, '2': 0.574771765662506, '3': 1.4489880345055752, '4': 4.640243826723238}",1.4489880345055752,3,"['poisson_velocity_cbf', 'active_hj_LZ_4', 'contingency_LZ-2', 'contingency_LZ-3', 'contingency_LZ-4']","{'poisson_velocity_cbf': 0.7506652652292399, 'active_hj_LZ_4': 3.705334336448612, 'contingency_LZ-2': 0.432454896491497, 'contingency_LZ-3': 0.9132738443551848, 'contingency_LZ-4': 2.9078223779230816}"
35,3177.059166983,0.009889907000342646,0.006309259000317979,0.017513204000351834,0.00040309600035470794,0.0960810470000979,11.976345448237204,10.51008313203169,4.629148112501116,33,0.09368624799981262,0.032201872999849,0.0328030270002273,3.7967810584405015e-07,constant,conjugate_gradient,64,48,0.06998697916666667,0.07194010416666667,0.19173177083333334,0.013020833333333334,True,False,,,False,0,0,0,1,optimal,,3177.095470732,33,2.190079156002969,0.692735000023859,4,-8.23134024299976,-10.0,0.09314737200020318,0,0.3154992458020107,-0.024835605445714393,0.3154992458020107,-0.024835605445714393,0.0,True,"[0.3154992458020107, -0.024835605445714393]","[0.3154992458020107, -0.024835605445714393]",0.0,0.0,optimal,0.0009709910000310629,0.40476683621554077,0.38476683621554075,"{'1': None, '2': 0.6416807708216821, '3': 1.4599599547169695, '4': 4.674174898632872}",1.4599599547169695,3,"['poisson_velocity_cbf', 'active_hj_LZ_4', 'contingency_LZ-2', 'contingency_LZ-3', 'contingency_LZ-4']","{'poisson_velocity_cbf': 0.7355112328770317, 'active_hj_LZ_4': 3.6584201127297695, 'contingency_LZ-2': 0.45828292911765034, 'contingency_LZ-3': 0.9083364802600571, 'contingency_LZ-4': 2.8927976008449963}"
36,3177.155333569,0.009363170000142418,0.006813302000409749,0.01768141699994885,0.0003658200002973899,0.0959243819997937,11.417085970556935,10.478334393318521,4.768309814977572,34,0.09690636499999528,0.03456379699991885,0.0320426570001473,3.440133724552652e-07,constant,conjugate_gradient,64,48,0.07421875,0.06966145833333333,0.18717447916666666,0.011067708333333334,True,False,,,False,0,0,0,1,optimal,,3177.191672136,34,2.217603466705203,0.6905683294854612,4,-8.135138839000103,-10.0,0.09620140399965749,0,0.2861113201875072,-0.022522234066412183,0.2861113201875072,-0.022522234066412183,0.0,True,"[0.2861113201875072, -0.022522234066412183]","[0.2861113201875072, -0.022522234066412183]",0.0,0.0,optimal,0.0008044100000006438,0.3977519773779008,0.3777519773779008,"{'1': None, '2': 0.6514946386957394, '3': 1.4697738225910268, '4': 4.70452465055692}",1.4697738225910268,3,"['poisson_velocity_cbf', 'active_hj_LZ_4', 'contingency_LZ-2', 'contingency_LZ-3', 'contingency_LZ-4']","{'poisson_velocity_cbf': 0.7211865399815107, 'active_hj_LZ_4': 3.612089467578632, 'contingency_LZ-2': 0.4538666885743248, 'contingency_LZ-3': 0.9039202397167315, 'contingency_LZ-4': 2.879383253328138}"
37,3177.251426649,0.008984515000065585,0.0063304710001830244,0.01846567699976731,0.00042572100028337445,0.10693538699979399,11.153704972603261,10.16766497334478,4.79778985275251,35,0.09698177799964469,0.034328698000081204,0.03396333799992135,3.37206145673008e-07,constant,conjugate_gradient,64,48,0.07421875,0.07421875,0.19173177083333334,0.008463541666666666,True,False,,,False,0,0,0,1,optimal,,3177.2879968,35,2.2425117735087268,0.6886075866680874,4,-8.038814174999754,-10.0,0.096324664000349,0,0.25858700948527336,-0.020355563528014375,0.25858700948527336,-0.020355563528014375,0.0,True,"[0.25858700948527336, -0.020355563528014375]","[0.25858700948527336, -0.020355563528014375]",0.0,0.0,optimal,0.0007454219999090128,0.39022033029889935,0.37022033029889934,"{'1': None, '2': 0.7166232518956157, '3': 1.4789653508431235, '4': 4.732949794020634}",1.4789653508431235,3,"['poisson_velocity_cbf', 'active_hj_LZ_4', 'contingency_LZ-2', 'contingency_LZ-3', 'contingency_LZ-4']","{'poisson_velocity_cbf': 0.7072396303732401, 'active_hj_LZ_4': 3.5642374698410744, 'contingency_LZ-2': 0.4804958975821592, 'contingency_LZ-3': 0.8997840520032884, 'contingency_LZ-4': 2.866840643031738}"
38,3177.358428696,0.009797031999823957,0.006156819999887375,0.007408046999898943,0.00040592100003777887,0.09765410999989399,10.723870088913639,10.181047366214298,4.806583593536312,36,0.09749463999969521,0.03587073800008511,0.03158240500033571,3.911873349693451e-07,constant,conjugate_gradient,64,48,0.07291666666666667,0.07421875,0.19075520833333334,0.0107421875,True,False,,,False,0,0,0,1,optimal,,3177.384770896,36,2.2651258187152035,0.6868274445227333,4,-7.942040078999764,-10.0,0.0967740959999901,0,0.2336787026817495,-0.01839482071064058,0.2336787026817495,-0.01839482071064058,0.0,True,"[0.2336787026817495, -0.01839482071064058]","[0.2336787026817495, -0.01839482071064058]",0.0,0.0,optimal,0.000695536999955948,0.3805060646714721,0.36050606467147206,"{'1': None, '2': 0.7249411861092385, '3': 1.4872832850567446, '4': 4.75867331538282}",1.4872832850567446,3,"['poisson_velocity_cbf', 'active_hj_LZ_4', 'contingency_LZ-2', 'contingency_LZ-3', 'contingency_LZ-4']","{'poisson_velocity_cbf': 0.6877786665659884, 'active_hj_LZ_4': 3.516317775760553, 'contingency_LZ-2': 0.47675282718603007, 'contingency_LZ-3': 0.896040981607158, 'contingency_LZ-4': 2.8555076963384076}"
39,3177.456200092,0.010414871999728348,0.006886702999963745,0.007541809000031208,0.0005099380000501696,0.08773462799990739,10.625969938538324,10.363026776491,4.805861975945187,37,0.10067970699992657,0.03490646199998082,0.03523591299972395,3.60980429547908e-07,constant,conjugate_gradient,64,48,0.07259114583333333,0.07291666666666667,0.19108072916666666,0.005533854166666667,True,False,,,False,0,0,0,1,optimal,,3177.484410874,37,2.286156296542551,0.6851719583160163,4,-7.842400101000077,-10.0,0.09963997799968638,0,0.2110646574752728,-0.016614678565286423,0.2110646574752728,-0.016614678565286423,0.0,True,"[0.2110646574752728, -0.016614678565286423]","[0.2110646574752728, -0.016614678565286423]",0.0,0.0,optimal,0.0007671439998375718,0.36938454337000715,0.34938454337000713,"{'1': None, '2': 0.7324929696092211, '3': 1.4948350685567275, '4': 4.782027487127322}",1.4948350685567275,3,"['poisson_velocity_cbf', 'active_hj_LZ_4', 'contingency_LZ-2', 'contingency_LZ-3', 'contingency_LZ-4']","{'poisson_velocity_cbf': 0.6654802508546523, 'active_hj_LZ_4': 3.468165475629975, 'contingency_LZ-2': 0.47335452461103833, 'contingency_LZ-3': 0.8926426790321662, 'contingency_LZ-4': 2.845233066922798}"
40,3177.544002532,0.010480446000201482,0.00597605700022541,0.01738196699989203,0.00044095400016885833,0.09854099899985158,10.728318425943625,10.330871835369187,4.799721568454771,38,0.09741173400016123,0.03457734199992046,0.03194574700000885,2.990039718042681e-07,constant,conjugate_gradient,64,48,0.06966145833333333,0.07259114583333333,0.18912760416666666,0.01171875,True,False,,,False,0,0,0,1,optimal,,3177.580846339,38,2.3044823310227947,0.683729361644893,4,-7.745964636000064,-10.0,0.09643546500001321,0,0.19003417964792524,-0.014959192358569462,0.19003417964792524,-0.014959192358569462,0.0,True,"[0.19003417964792524, -0.014959192358569462]","[0.19003417964792524, -0.014959192358569462]",0.0,0.0,optimal,0.0009103299998969305,0.3643790966876382,0.34437909668763816,"{'1': None, '2': 0.7395159331702841, '3': 1.5018580321177901, '4': 4.803746263514492}",1.5018580321177901,3,"['poisson_velocity_cbf', 'active_hj_LZ_4', 'contingency_LZ-2', 'contingency_LZ-3', 'contingency_LZ-4']","{'poisson_velocity_cbf': 0.6575795980468607, 'active_hj_LZ_4': 3.4185391842310486, 'contingency_LZ-2': 0.4701941910085605, 'contingency_LZ-3': 0.8894823454296881, 'contingency_LZ-4': 2.8356533151494885}"
41,3177.642656171,0.010047173000202747,0.006035521999820048,0.018957742999646143,0.0003557360000741028,0.10004010000011476,10.656388409541924,10.286208333774844,4.793524916231109,39,0.09996253399958732,0.03490875500028778,0.03468116400017607,3.504617538396815e-07,constant,conjugate_gradient,64,48,0.072265625,0.06966145833333333,0.18391927083333334,0.008463541666666666,True,False,,,False,0,0,0,1,optimal,,3177.68012956,39,2.321530068746969,0.6823873904880893,4,-7.6466814150001134,-10.0,0.09928322099995057,0,0.17170814516768163,-0.01351659568744612,0.17170814516768163,-0.01351659568744612,0.0,True,"[0.17170814516768163, -0.01351659568744612]","[0.17170814516768163, -0.01351659568744612]",0.0,0.0,optimal,0.0010749319999376894,0.35383953054537465,0.33383953054537463,"{'1': None, '2': 0.8015728539786728, '3': 1.507977867978398, '4': 4.822672083850462}",1.507977867978398,3,"['poisson_velocity_cbf', 'active_hj_LZ_4', 'contingency_LZ-2', 'contingency_LZ-3', 'contingency_LZ-4']","{'poisson_velocity_cbf': 0.6362407844633579, 'active_hj_LZ_4': 3.3692878197445095, 'contingency_LZ-2': 0.4982056615925655, 'contingency_LZ-3': 0.8867284192924143, 'contingency_LZ-4': 2.82610306401177}"
42,3177.742813407,0.009069191999969917,0.0064673269998820615,0.018388184999821533,0.0004034769999634591,0.10610930299981192,10.590614930533247,10.181352709298638,4.791581212388849,40,0.09980162100009693,0.03610370899968984,0.03366872000015064,3.858861106209588e-07,constant,conjugate_gradient,64,48,0.07259114583333333,0.072265625,0.18619791666666666,0.007486979166666667,True,False,,,False,0,0,0,1,optimal,,3177.77930537,40,2.336868639930165,0.6811799622388125,4,-7.547505604999753,-10.0,0.0991758100003608,0,0.15466040744350718,-0.012174624530642442,0.15466040744350718,-0.012174624530642442,0.0,True,"[0.15466040744350718, -0.012174624530642442]","[0.15466040744350718, -0.012174624530642442]",0.0,0.0,optimal,0.0007753909999337338,0.34548110720735403,0.325481107207354,"{'1': None, '2': 0.8072658126369747, '3': 1.5136708266367003, '4': 4.840277770538997}",1.5136708266367003,3,"['poisson_velocity_cbf', 'active_hj_LZ_4', 'contingency_LZ-2', 'contingency_LZ-3', 'contingency_LZ-4']","{'poisson_velocity_cbf': 0.6217663834713043, 'active_hj_LZ_4': 3.3191478990171372, 'contingency_LZ-2': 0.4956438301963294, 'contingency_LZ-3': 0.8841665878961785, 'contingency_LZ-4': 2.817682194774532}"
43,3177.849023317,0.010310950000075536,0.006077605999962543,0.007443847000104142,0.0004770979999193514,0.09636643099975117,10.443792088520548,10.238080218102809,4.790786635092771,41,0.0971828159999859,0.035343195000223204,0.032365529000344395,4.2200952066195896e-07,constant,conjugate_gradient,64,48,0.07389322916666667,0.07259114583333333,0.18424479166666666,0.011067708333333334,True,False,,,False,0,0,0,1,optimal,,3177.875793035,41,2.350311478594377,0.6801217630780314,4,-7.451017940000167,-10.0,0.09648766499958583,0,0.13932183626031147,-0.010967196281365665,0.13932183626031147,-0.010967196281365665,0.0,True,"[0.13932183626031147, -0.010967196281365665]","[0.13932183626031147, -0.010967196281365665]",0.0,0.0,optimal,0.0008101640000859334,0.3303709654163929,0.31037096541639286,"{'1': None, '2': 0.8123880084987487, '3': 1.518793022498473, '4': 4.8561183520208555}",1.518793022498473,3,"['poisson_velocity_cbf', 'active_hj_LZ_4', 'contingency_LZ-2', 'contingency_LZ-3', 'contingency_LZ-4']","{'poisson_velocity_cbf': 0.5913802718032272, 'active_hj_LZ_4': 3.2694348933036386, 'contingency_LZ-2': 0.4933388420585321, 'contingency_LZ-3': 0.8818615997583805, 'contingency_LZ-4': 2.810428832394377}"
44,3177.94550376,0.010195712000040658,0.0006889320002301247,0.01406102800001463,0.0004437480001797667,0.09988611300013872,10.438823821507166,10.181444004158834,4.793410997022979,42,0.09808154299980743,0.035341011000127764,0.033293569999841566,3.7792690932292317e-07,constant,conjugate_gradient,64,48,0.0732421875,0.07356770833333333,0.18619791666666666,0.004557291666666667,True,False,,,False,0,0,0,1,optimal,,3177.973102205,42,2.3625606593709163,0.6791575267926925,4,-7.353708769999923,-10.0,0.0973091700002442,0,0.12587899759609922,-0.009908997120584573,0.12587899759609922,-0.009908997120584573,0.0,True,"[0.12587899759609922, -0.009908997120584573]","[0.12587899759609922, -0.009908997120584573]",0.0,0.0,optimal,0.0007286269997166528,0.3136945682718294,0.2936945682718294,"{'1': None, '2': 0.8168771393150358, '3': 1.523282153314761, '4': 4.870001156270656}",1.523282153314761,3,"['poisson_velocity_cbf', 'active_hj_LZ_4', 'contingency_LZ-2', 'contingency_LZ-3', 'contingency_LZ-4']","{'poisson_velocity_cbf': 0.5574775161220485, 'active_hj_LZ_4': 3.2212921290793095, 'contingency_LZ-2': 0.49131873319120206, 'contingency_LZ-3': 0.8798414908910509, 'contingency_LZ-4': 2.804282638757431}"
45,3178.045526068,0.0107456750001802,0.006522994999613729,0.007467077000001154,0.00040006200015341165,0.09837735299970518,10.396210290947032,10.178738339887216,4.786814884679029,43,0.10027462700008982,0.03667364100010673,0.03211846200019863,3.520977998050512e-07,constant,conjugate_gradient,64,48,0.0732421875,0.0732421875,0.18424479166666666,0.009114583333333334,True,False,,,False,0,0,0,1,optimal,,3178.072733404,43,2.3738817342627723,0.6782663495459109,4,-7.254077571000163,-10.0,0.09963119899975936,0,0.11362981681955997,-0.008944760835245646,0.11362981681955997,-0.008944760835245646,0.0,True,"[0.11362981681955997, -0.008944760835245646]","[0.11362981681955997, -0.008944760835245646]",0.0,0.0,optimal,0.0007394379999823286,0.3051502228523678,0.2851502228523678,"{'1': None, '2': 0.8209676574170377, '3': 1.527372671416762, '4': 4.88265123585495}",1.527372671416762,3,"['poisson_velocity_cbf', 'active_hj_LZ_4', 'contingency_LZ-2', 'contingency_LZ-3', 'contingency_LZ-4']","{'poisson_velocity_cbf': 0.5428920340856938, 'active_hj_LZ_4': 3.17287112739767, 'contingency_LZ-2': 0.48947800004530184, 'contingency_LZ-3': 0.8780007577451502, 'contingency_LZ-4': 2.7988236862629816}"
46,3178.144007367,0.009911600000123144,0.006194621000304323,0.007163549999859242,0.0004392109999571403,0.08726521600010528,10.38385172328718,10.265952765260346,4.783155120119102,44,0.0986860380003236,0.03439072599985593,0.033226129000013316,3.7869939717438683e-07,constant,conjugate_gradient,64,48,0.06966145833333333,0.0732421875,0.18098958333333334,0.006510416666666667,True,False,,,False,0,0,0,1,optimal,,3178.170749298,44,2.3839096170668443,0.6774769703505829,4,-7.156061677000036,-10.0,0.09801589400012745,0,0.102308741927704,-0.008053583588464086,0.102308741927704,-0.008053583588464086,0.0,True,"[0.102308741927704, -0.008053583588464086]","[0.102308741927704, -0.008053583588464086]",0.0,0.0,optimal,0.000908175999938976,0.2872872009336038,0.2672872009336038,"{'1': None, '2': 0.824748241818889, '3': 1.5311532558186145, '4': 4.894342833927862}",1.5311532558186145,3,"['poisson_velocity_cbf', 'active_hj_LZ_4', 'contingency_LZ-2', 'contingency_LZ-3', 'contingency_LZ-4']","{'poisson_velocity_cbf': 0.506775805944337, 'active_hj_LZ_4': 3.123368512894875, 'contingency_LZ-2': 0.48777673706446795, 'contingency_LZ-3': 0.876299494764317, 'contingency_LZ-4': 2.7938754521272564}"
47,3178.231367767,0.009673545999703492,0.005693407999842748,0.019018614000287926,0.00033916099982889136,0.09530903099994248,10.45321941275442,10.281320608254992,4.7787935440763905,45,0.09878679999974338,0.03540502199984985,0.03313364499990712,3.2739295363626297e-07,constant,conjugate_gradient,64,48,0.0732421875,0.06966145833333333,0.17805989583333334,0.0087890625,True,False,,,False,0,0,0,1,optimal,,3178.268363147,45,2.392917506914931,0.676767883399846,4,-7.058447828000009,-10.0,0.09761384900002668,0,0.09228085912363193,-0.00726420439313602,0.09228085912363193,-0.00726420439313602,0.0,True,"[0.09228085912363193, -0.00726420439313602]","[0.09228085912363193, -0.00726420439313602]",0.0,0.0,optimal,0.0007096630001797166,0.2770112710188331,0.2570112710188331,"{'1': None, '2': 0.8280969748389273, '3': 1.534501988838652, '4': 4.904568329255845}",1.534501988838652,3,"['poisson_velocity_cbf', 'active_hj_LZ_4', 'contingency_LZ-2', 'contingency_LZ-3', 'contingency_LZ-4']","{'poisson_velocity_cbf': 0.488550423946654, 'active_hj_LZ_4': 3.073363106283282, 'contingency_LZ-2': 0.4862698072054516, 'contingency_LZ-3': 0.8747925649053002, 'contingency_LZ-4': 2.7882765196181336}"
48,3178.32681134,0.010106762999839702,0.006908515999839437,0.0182570530000703,0.00037709800017182715,0.0997891920001166,10.45173016732352,10.262416404906029,4.776306461906496,46,0.09700699999984863,0.0333538499999122,0.03368837400012126,3.720319199373989e-07,constant,conjugate_gradient,64,48,0.0732421875,0.0732421875,0.18131510416666666,0.008463541666666666,True,False,,,False,0,0,0,1,optimal,,3178.364727631,46,2.4009420636303065,0.6761362028899506,4,-6.962083344000131,-10.0,0.09636448399987785,0,0.08327296927554517,-0.0065551174423991165,0.08327296927554517,-0.0065551174423991165,0.0,True,"[0.08327296927554517, -0.0065551174423991165]","[0.08327296927554517, -0.0065551174423991165]",0.0,0.0,optimal,0.0007466530000783678,0.27322335835197953,0.2532233583519795,"{'1': None, '2': 0.8311050891901335, '3': 1.537510103189859, '4': 4.9135248377225125}",1.537510103189859,3,"['poisson_velocity_cbf', 'active_hj_LZ_4', 'contingency_LZ-2', 'contingency_LZ-3', 'contingency_LZ-4']","{'poisson_velocity_cbf': 0.48315214631196934, 'active_hj_LZ_4': 3.0212977688207205, 'contingency_LZ-2': 0.48491615574740826, 'contingency_LZ-3': 0.8734389134472574, 'contingency_LZ-4': 2.7809876778455855}"
49,3178.426712355,0.010129568000138534,0.006765546000224276,0.01850827099997332,0.00034587099980853964,0.10829880800019964,10.424486898203783,10.190780389517318,4.7692996015778375,47,0.10054637199982608,0.03710210100007316,0.03343877299994347,4.4237788188183913e-07,constant,conjugate_gradient,64,48,0.07063802083333333,0.0732421875,0.181640625,0.004231770833333333,True,False,,,False,0,0,0,1,reached,,,,,,4,,,,,,,,,,,,,,,,,,,,,,,
50,3178.535129226,0.010347059999730845,0.0007015659998614865,0.013405552000222087,0.00043730800007324433,0.08923798999967403,10.34422831757313,10.24458637819569,4.7656752841649395,48,0.09851176500023939,0.034200754999801575,0.03242680499988637,4.1335007949783176e-07,constant,conjugate_gradient,64,48,0.07161458333333333,0.0703125,0.177734375,0.006510416666666667,True,False,,,False,0,0,0,1,reached,,,,,,4,,,,,,,,,,,,,,,,,,,,,,,
51,3178.624462279,0.010030924000147934,0.0065790449998530676,0.019089656999767612,0.000497778999942966,0.1073326430000634,10.389543266864573,10.187805740896968,4.7568434280407415,49,0.10068233100037105,0.03532249899990347,0.03348782700004449,3.705082463056897e-07,constant,conjugate_gradient,64,48,0.07259114583333333,0.072265625,0.1787109375,0.007486979166666667,True,False,,,False,0,0,0,1,reached,,,,,,4,,,,,,,,,,,,,,,,,,,,,,,
52,3178.732040832,0.009927289000188466,0.0006472029999713413,0.013401997000073607,0.0004805529997611302,0.08628843699989375,10.326008428350276,10.251565529792265,10.265537596640069,50,0.09642059799989511,0.03230747599991446,0.033343860999593744,3.78103607090452e-07,constant,conjugate_gradient,64,48,0.07096354166666667,0.07194010416666667,0.1787109375,0.006510416666666667,True,False,,,False,0,0,0,1,reached,,,,,,4,,,,,,,,,,,,,,,,,,,,,,,
53,3178.818423186,0.009622459999718558,0.006712391000291973,0.016846220000388712,0.00034743299966066843,0.09109790299999077,10.383813788737141,10.285094308459039,10.27587785958861,51,0.09592436699995233,0.0314602720000039,0.032259033999707754,4.14065056020263e-07,constant,conjugate_gradient,64,48,0.07063802083333333,0.0712890625,0.17838541666666666,0.0035807291666666665,True,False,,,False,0,0,0,1,reached,,,,,,4,,,,,,,,,,,,,,,,,,,,,,,
54,3178.909591225,0.009988986999815097,0.005822937000175443,0.019800516000032076,0.00033538500019858475,0.09607074699988516,10.284830989167771,10.274461816665706,10.295233811899495,52,0.09399225400011346,0.03158502399992358,0.03346039100006237,3.784196707101728e-07,constant,conjugate_gradient,64,48,0.07161458333333333,0.07063802083333333,0.177734375,0.00390625,True,False,,,False,0,0,0,1,reached,,,,,,4,,,,,,,,,,,,,,,,,,,,,,,
55,3179.00582043,0.010128566000275896,0.005956884000170248,0.018421300000227347,0.00045725800009677187,0.09557546600035494,10.272416841691514,10.276706445974446,10.302256281461148,53,0.09640887599971393,0.033288121999703435,0.03261692199976096,4.471718995091578e-07,constant,conjugate_gradient,64,48,0.07161458333333333,0.07194010416666667,0.18033854166666666,0.00390625,True,False,,,False,0,0,0,1,reached,,,,,,4,,,,,,,,,,,,,,,,,,,,,,,
56,3179.10146447,0.009440020000056393,0.0062110560002111015,0.01906443300003957,0.0003986000001532375,0.09602462700013348,10.276572301022119,10.276269341898857,10.30755340386114,54,0.09654116999990947,0.03217645399990943,0.032414818000233936,4.702891658325825e-07,constant,conjugate_gradient,64,48,0.07194010416666667,0.0712890625,0.1787109375,0.0048828125,True,False,,,False,0,0,0,1,reached,,,,,,4,,,,,,,,,,,,,,,,,,,,,,,
57,3179.197553324,0.009911654999996244,0.0008666789999551838,0.02400098199996137,0.0004339729998719122,0.09489395199989303,10.272986278200113,10.3408001957626,10.31278565006465,55,0.09659003900014795,0.03222007499971369,0.03393723299996054,3.800281831445318e-07,constant,conjugate_gradient,64,48,0.0732421875,0.072265625,0.1806640625,0.005859375,True,False,,,False,0,0,0,1,reached,,,,,,4,,,,,,,,,,,,,,,,,,,,,,,
58,3179.292524983,0.009689009999874543,0.0007898080002632923,0.02678897700025118,0.0005099079999126843,0.10618790599983186,10.341835407931972,10.295289191164876,10.308349192053239,56,0.09904700100014452,0.03182664799987833,0.0362924429996383,3.4157264394707454e-07,constant,conjugate_gradient,64,48,0.0693359375,0.0732421875,0.18196614583333334,0.005208333333333333,True,False,,,False,0,0,0,1,reached,,,,,,4,,,,,,,,,,,,,,,,,,,,,,,
59,3179.399028518,0.009649825999986206,0.0008470339998893905,0.013812896000217734,0.00038602999984505004,0.08551896000017223,10.299022419417923,10.306008891380097,10.326196197490441,57,0.09312665600009495,0.031867835000412015,0.03284790899988366,3.669242119030969e-07,constant,conjugate_gradient,64,48,0.0732421875,0.0693359375,0.18033854166666666,0.007486979166666667,True,False,,,False,0,0,0,1,reached,,,,,,4,,,,,,,,,,,,,,,,,,,,,,,
60,3179.484613327,0.00964726599977439,0.0005875239999113546,0.024811270000100194,0.00036233499986337847,0.09483893800006626,10.310850542627525,10.3256978974113,10.328156042924107,58,0.0970982339999864,0.03443391599967072,0.03346041599979799,3.631656966263108e-07,constant,conjugate_gradient,64,48,0.072265625,0.0732421875,0.18782552083333334,0.007486979166666667,True,False,,,False,0,0,0,1,reached,,,,,,4,,,,,,,,,,,,,,,,,,,,,,,
